[{"codigo": "345A01", "grau": "Bacharelado", "descricao": "Administra\u00e7\u00e3o - Bacharelado"}, {"codigo": "621A04", "grau": "Bacharelado", "descricao": "Agronomia - Bacharelado"}, {"codigo": "541T01", "grau": "Tecnol\u00f3gico", "descricao": "Alimentos  - Tecnol\u00f3gico"}, {"codigo": "483S01", "grau": "Tecnol\u00f3gico", "descricao": "An\u00e1lise e desenvolvimento de sistemas / Seguran\u00e7a da informa\u00e7\u00e3o - Tecnol\u00f3gico"}, {"codigo": "581A05", "grau": "Bacharelado", "descricao": "Arquitetura e Urbanismo - Bacharelado"}, {"codigo": "211A02", "grau": "Bacharelado", "descricao": "Artes Visuais - Bacharelado"}, {"codigo": "146F04", "grau": "Licenciatura", "descricao": "Artes Visuais - Licenciatura"}, {"codigo": "520A01", "grau": "Tecnol\u00f3gico", "descricao": "Automa\u00e7\u00e3o industrial - Tecnol\u00f3gico"}, {"codigo": "210A01", "grau": "Bacharelado", "descricao": "Bacharelado Interdisciplinar em Artes - Bacharelado"}, {"codigo": "440C01", "grau": "Bacharelado", "descricao": "Bacharelado Interdisciplinar em Ci\u00eancia e Tecnologia  - Bacharelado"}, {"codigo": "421B07", "grau": "Bacharelado", "descricao": "Biomedicina - Bacharelado"}, {"codigo": "481C01", "grau": "Bacharelado", "descricao": "Ci\u00eancia da Computa\u00e7\u00e3o - Bacharelado"}, {"codigo": "443C01", "grau": "Licenciatura", "descricao": "Ci\u00eancia da Terra - Licenciatura"}, {"codigo": "421C01", "grau": "Bacharelado", "descricao": "Ci\u00eancias Biol\u00f3gicas - Bacharelado"}, {"codigo": "145F01", "grau": "Licenciatura", "descricao": "Ci\u00eancias Biol\u00f3gicas - Licenciatura"}, {"codigo": "344C02", "grau": "Bacharelado", "descricao": "Ci\u00eancias Cont\u00e1beis - Bacharelado"}, {"codigo": "145F02", "grau": "Licenciatura", "descricao": "Ci\u00eancias Naturais - Licenciatura"}, {"codigo": "310C02", "grau": "Bacharelado", "descricao": "Ci\u00eancias Sociais - Bacharelado"}, {"codigo": "145F24", "grau": "Licenciatura", "descricao": "Ci\u00eancias Sociais - Licenciatura"}, {"codigo": "321C02", "grau": "Bacharelado", "descricao": "Comunica\u00e7\u00e3o Social (\u00c1rea Geral) - Bacharelado"}, {"codigo": "582C05", "grau": "Tecnol\u00f3gico", "descricao": "Constru\u00e7\u00e3o de Edif\u00edcios - Tecnol\u00f3gico"}, {"codigo": "214D05", "grau": "Bacharelado", "descricao": "Design - Bacharelado"}, {"codigo": "214D02", "grau": "Tecnol\u00f3gico", "descricao": "Design de moda - Tecnol\u00f3gico"}, {"codigo": "213C06", "grau": "Tecnol\u00f3gico", "descricao": "Design gr\u00e1fico - Tecnol\u00f3gico"}, {"codigo": "380D01", "grau": "Bacharelado", "descricao": "Direito - Bacharelado"}, {"codigo": "720E01", "grau": "Bacharelado", "descricao": "Educa\u00e7\u00e3o F\u00edsica - Bacharelado"}, {"codigo": "146F15", "grau": "Licenciatura", "descricao": "Educa\u00e7\u00e3o F\u00edsica - Licenciatura"}, {"codigo": "723E01", "grau": "Bacharelado", "descricao": "Enfermagem - Bacharelado"}, {"codigo": "520E01", "grau": "Bacharelado", "descricao": "Engenharia - Bacharelado"}, {"codigo": "621E03", "grau": "Bacharelado", "descricao": "Engenharia Agr\u00edcola - Bacharelado"}, {"codigo": "523B01", "grau": "Bacharelado", "descricao": "Engenharia Biom\u00e9dica - Bacharelado"}, {"codigo": "582E03", "grau": "Bacharelado", "descricao": "Engenharia Civil - Bacharelado"}, {"codigo": "523E09", "grau": "Bacharelado", "descricao": "Engenharia Eletr\u00f4nica - Bacharelado"}, {"codigo": "522E06", "grau": "Bacharelado", "descricao": "Engenharia El\u00e9trica - Bacharelado"}, {"codigo": "521E05", "grau": "Bacharelado", "descricao": "Engenharia Mec\u00e2nica - Bacharelado"}, {"codigo": "524E07", "grau": "Bacharelado", "descricao": "Engenharia Qu\u00edmica - Bacharelado"}, {"codigo": "542E03", "grau": "Bacharelado", "descricao": "Engenharia T\u00eaxtil - Bacharelado"}, {"codigo": "541E01", "grau": "Bacharelado", "descricao": "Engenharia de Alimentos - Bacharelado"}, {"codigo": "523E04", "grau": "Bacharelado", "descricao": "Engenharia de Computa\u00e7\u00e3o - Bacharelado"}, {"codigo": "520E04", "grau": "Bacharelado", "descricao": "Engenharia de Materiais - Bacharelado"}, {"codigo": "544E01", "grau": "Bacharelado", "descricao": "Engenharia de Minas - Bacharelado"}, {"codigo": "624E01", "grau": "Bacharelado", "descricao": "Engenharia de Pesca - Bacharelado"}, {"codigo": "520E05", "grau": "Bacharelado", "descricao": "Engenharia de Produ\u00e7\u00e3o - Bacharelado"}, {"codigo": "523E10", "grau": "Bacharelado", "descricao": "Engenharia mecatr\u00f4nica - Bacharelado"}, {"codigo": "462E01", "grau": "Bacharelado", "descricao": "Estat\u00edstica - Bacharelado"}, {"codigo": "521T03", "grau": "Tecnol\u00f3gico", "descricao": "Fabrica\u00e7\u00e3o mec\u00e2nica - Tecnol\u00f3gico"}, {"codigo": "727F01", "grau": "Bacharelado", "descricao": "Farm\u00e1cia - Bacharelado"}, {"codigo": "226F01", "grau": "Bacharelado", "descricao": "Filosofia - Bacharelado"}, {"codigo": "145F08", "grau": "Licenciatura", "descricao": "Filosofia - Licenciatura"}, {"codigo": "145F09", "grau": "Licenciatura", "descricao": "F\u00edsica - Licenciatura"}, {"codigo": "441F01", "grau": "Bacharelado", "descricao": "F\u00edsica \u2013 Bacharelado"}, {"codigo": "443G05", "grau": "Bacharelado", "descricao": "Geografia - Bacharelado"}, {"codigo": "145F10", "grau": "Licenciatura", "descricao": "Geografia - Licenciatura"}, {"codigo": "443G06", "grau": "Bacharelado", "descricao": "Geologia - Bacharelado"}, {"codigo": "481T01", "grau": "Tecnol\u00f3gico", "descricao": "Gest\u00e3o da tecnologia da informa\u00e7\u00e3o - Tecnol\u00f3gico"}, {"codigo": "812P01", "grau": "Tecnol\u00f3gico", "descricao": "Gest\u00e3o de Turismo - Tecnol\u00f3gico"}, {"codigo": "145F11", "grau": "Licenciatura", "descricao": "Hist\u00f3ria - Licenciatura"}, {"codigo": "225H01", "grau": "Bacharelado", "descricao": "Hist\u00f3ria \u2013 Bacharelado"}, {"codigo": "146F05", "grau": "Licenciatura", "descricao": "Inform\u00e1tica - Licenciatura"}, {"codigo": "222L01", "grau": "Bacharelado", "descricao": "Letras - L\u00edngua Estrangeira - Bacharelado"}, {"codigo": "145F14", "grau": "Licenciatura", "descricao": "Letras - L\u00edngua Estrangeira - Licenciatura"}, {"codigo": "223L01", "grau": "Bacharelado", "descricao": "Letras - L\u00edngua Portuguesa - Bacharelado"}, {"codigo": "145F15", "grau": "Licenciatura", "descricao": "Letras - L\u00edngua Portuguesa - Licenciatura"}, {"codigo": "220L03", "grau": "Bacharelado", "descricao": "Letras - L\u00edngua Portuguesa e Estrangeira - Bacharelado"}, {"codigo": "145F17", "grau": "Licenciatura", "descricao": "Letras - L\u00edngua Portuguesa e Estrangeira - Licenciatura"}, {"codigo": "145F28", "grau": "Licenciatura", "descricao": "Libras - Licenciatura"}, {"codigo": "146F02", "grau": "Licenciatura", "descricao": "Licenciatura Interdisciplinar em Artes (Educa\u00e7\u00e3o Art\u00edstica) - Licenciatura"}, {"codigo": "146P01", "grau": "Licenciatura", "descricao": "Licenciatura para a Educa\u00e7\u00e3o Profissional e Tecnol\u00f3gica - Licenciatura"}, {"codigo": "342M02", "grau": "Tecnol\u00f3gico", "descricao": "Marketing - Tecnol\u00f3gico"}, {"codigo": "145F18", "grau": "Licenciatura", "descricao": "Matem\u00e1tica - Licenciatura"}, {"codigo": "461M01", "grau": "Bacharelado", "descricao": "Matem\u00e1tica \u2013 Bacharelado"}, {"codigo": "582M02", "grau": "Tecnol\u00f3gico", "descricao": "Material de constru\u00e7\u00e3o - Tecnol\u00f3gico"}, {"codigo": "641M01", "grau": "Bacharelado", "descricao": "Medicina Veterin\u00e1ria - Bacharelado"}, {"codigo": "544M02", "grau": "Tecnol\u00f3gico", "descricao": "Minera\u00e7\u00e3o e extra\u00e7\u00e3o - Tecnol\u00f3gico"}, {"codigo": "146F20", "grau": "Licenciatura", "descricao": "M\u00fasica - Licenciatura"}, {"codigo": "212M02", "grau": "Bacharelado", "descricao": "M\u00fasica \u2013 Bacharelado"}, {"codigo": "999991", "grau": "Bacharelado", "descricao": "Outro curso de forma\u00e7\u00e3o superior - Bacharelado"}, {"codigo": "999990", "grau": "Licenciatura", "descricao": "Outro curso de forma\u00e7\u00e3o superior - Licenciatura"}, {"codigo": "999992", "grau": "Tecnol\u00f3gico", "descricao": "Outro curso de forma\u00e7\u00e3o superior - Tecnol\u00f3gico"}, {"codigo": "142C01", "grau": "Bacharelado", "descricao": "Pedagogia (Ci\u00eancias da Educa\u00e7\u00e3o) - Bacharelado"}, {"codigo": "142P01", "grau": "Licenciatura", "descricao": "Pedagogia - Licenciatura"}, {"codigo": "142A01", "grau": "Tecnol\u00f3gico", "descricao": "Processos Escolares - Tecnol\u00f3gico"}, {"codigo": "850G01", "grau": "Tecnol\u00f3gico", "descricao": "Processos ambientais / Gest\u00e3o ambiental - Tecnol\u00f3gico"}, {"codigo": "624T01", "grau": "Tecnol\u00f3gico", "descricao": "Produ\u00e7\u00e3o Pesqueira - Tecnol\u00f3gico"}, {"codigo": "311P02", "grau": "Bacharelado", "descricao": "Psicologia - Bacharelado"}, {"codigo": "145F21", "grau": "Licenciatura", "descricao": "Qu\u00edmica - Licenciatura"}, {"codigo": "442Q01", "grau": "Bacharelado", "descricao": "Qu\u00edmica \u2013 Bacharelado"}, {"codigo": "481A01", "grau": "Tecnol\u00f3gico", "descricao": "Redes de computadores - Tecnol\u00f3gico"}, {"codigo": "862S01", "grau": "Tecnol\u00f3gico", "descricao": "Seguran\u00e7a no trabalho - Tecnol\u00f3gico"}, {"codigo": "483S02", "grau": "Bacharelado", "descricao": "Sistemas de Informa\u00e7\u00e3o - Bacharelado"}, {"codigo": "482U01", "grau": "Tecnol\u00f3gico", "descricao": "Sistemas para internet - Tecnol\u00f3gico"}, {"codigo": "146F22", "grau": "Licenciatura", "descricao": "Teatro - Licenciatura"}, {"codigo": "812T01", "grau": "Bacharelado", "descricao": "Turismo - Bacharelado"}, {"codigo": "621Z01", "grau": "Bacharelado", "descricao": "Zootecnia - Bacharelado"}]