[{"diretoria__setor__uo_id": 940432257, "descricao_historico": "T\u00e9cnico de Nivel M\u00e9dio em Biocombust\u00edveis", "id": 1927430985}, {"diretoria__setor__uo_id": 934855993, "descricao_historico": "T\u00e9cnico de N\u00edvel M\u00e9dio em Agroecologia", "id": 1877244609}, {"diretoria__setor__uo_id": 929279729, "descricao_historico": "T\u00e9cnico de N\u00edvel M\u00e9dio em Edifica\u00e7\u00f5es", "id": 1988769889}, {"diretoria__setor__uo_id": 920915333, "descricao_historico": "T\u00e9cnico de N\u00edvel M\u00e9dio em Eletrot\u00e9cnica", "id": 1938583513}, {"diretoria__setor__uo_id": 948796653, "descricao_historico": "T\u00e9cnico de N\u00edvel M\u00e9dio em Apicultura", "id": 1866092081}, {"diretoria__setor__uo_id": 1043593141, "descricao_historico": "T\u00e9cnico de Nivel M\u00e9dio em Equipamentos Biom\u00e9dicos", "id": 3377259625}, {"diretoria__setor__uo_id": 920915333, "descricao_historico": "T\u00e9cnico de N\u00edvel M\u00e9dio em Manuten\u00e7\u00e3o e Suporte em Inform\u00e1tica", "id": 1955312305}, {"diretoria__setor__uo_id": 937644125, "descricao_historico": "T\u00e9cnico de N\u00edvel M\u00e9dio em Eletrot\u00e9cnica", "id": 1946947909}, {"diretoria__setor__uo_id": 1032440613, "descricao_historico": "T\u00e9cnico de N\u00edvel M\u00e9dio em Eletromec\u00e2nica", "id": 3299191929}, {"diretoria__setor__uo_id": 929279729, "descricao_historico": "T\u00e9cnico de N\u00edvel M\u00e9dio em Eletrot\u00e9cnica", "id": 1944159777}, {"diretoria__setor__uo_id": 926491597, "descricao_historico": "T\u00e9cnico de Nivel M\u00e9dio em Inform\u00e1tica", "id": 1919066589}, {"diretoria__setor__uo_id": 959949181, "descricao_historico": "T\u00e9cnico de Nivel M\u00e9dio Inform\u00e1tica", "id": 1921854721}, {"diretoria__setor__uo_id": 951584785, "descricao_historico": "T\u00e9cnico de N\u00edvel M\u00e9dio em Mec\u00e2nica", "id": 1963676701}, {"diretoria__setor__uo_id": 943220389, "descricao_historico": "T\u00e9cnico de N\u00edvel M\u00e9dio em Eletrot\u00e9cnica", "id": 1941371645}, {"diretoria__setor__uo_id": 926491597, "descricao_historico": "T\u00e9cnico de N\u00edvel M\u00e9dio em Alimentos", "id": 1885609005}, {"diretoria__setor__uo_id": 940432257, "descricao_historico": "T\u00e9cnico de Nivel M\u00e9dio em Agricultura", "id": 1880032741}, {"diretoria__setor__uo_id": 954372917, "descricao_historico": "T\u00e9cnico de N\u00edvel M\u00e9dio em Multim\u00eddia", "id": 2936734769}, {"diretoria__setor__uo_id": 934855993, "descricao_historico": "T\u00e9cnico de N\u00edvel M\u00e9dio em Meio Ambiente", "id": 1969252965}, {"diretoria__setor__uo_id": 959949181, "descricao_historico": "T\u00e9cnico de N\u00edvel M\u00e9dio em Mecatr\u00f4nica", "id": 1966464833}, {"diretoria__setor__uo_id": 1049169405, "descricao_historico": "T\u00e9cnico de N\u00edvel M\u00e9dio em Administra\u00e7\u00e3o", "id": 3335437645}, {"diretoria__setor__uo_id": 920915333, "descricao_historico": "T\u00e9cnico de N\u00edvel M\u00e9dio em Administra\u00e7\u00e3o", "id": 1868880213}, {"diretoria__setor__uo_id": 962737313, "descricao_historico": "T\u00e9cnico de N\u00edvel M\u00e9dio em Inform\u00e1tica", "id": 1924642853}, {"diretoria__setor__uo_id": 954372917, "descricao_historico": "T\u00e9cnico de N\u00edvel M\u00e9dio em Lazer", "id": 3427446001}, {"diretoria__setor__uo_id": 934855993, "descricao_historico": "T\u00e9cnico de Nivel M\u00e9dio em Inform\u00e1tica", "id": 1902337797}, {"diretoria__setor__uo_id": 962737313, "descricao_historico": "T\u00e9cnico de N\u00edvel M\u00e9dio em Administra\u00e7\u00e3o", "id": 1871668345}, {"diretoria__setor__uo_id": 943220389, "descricao_historico": "T\u00e9cnico de Nivel M\u00e9dio em Inform\u00e1tica", "id": 1899549665}, {"diretoria__setor__uo_id": 929279729, "descricao_historico": "T\u00e9cnico de N\u00edvel M\u00e9dio em Inform\u00e1tica", "id": 1905125929}, {"diretoria__setor__uo_id": 1032440613, "descricao_historico": "T\u00e9cnico de N\u00edvel M\u00e9dio em Eventos", "id": 3438598529}, {"diretoria__setor__uo_id": 923703465, "descricao_historico": "T\u00e9cnico de N\u00edvel M\u00e9dio em Com\u00e9rcio", "id": 1882820873}, {"diretoria__setor__uo_id": 965525445, "descricao_historico": "T\u00e9cnico de Nivel M\u00e9dio Inform\u00e1tica", "id": 1893973401}, {"diretoria__setor__uo_id": 1051957537, "descricao_historico": "T\u00e9cnico de Nivel M\u00e9dio em Inform\u00e1tica", "id": 3285251269}, {"diretoria__setor__uo_id": 948796653, "descricao_historico": "T\u00e9cnico de Nivel M\u00e9dio Inform\u00e1tica", "id": 1910702193}, {"diretoria__setor__uo_id": 951584785, "descricao_historico": "T\u00e9cnico de Nivel M\u00e9dio Inform\u00e1tica", "id": 1916278457}, {"diretoria__setor__uo_id": 1032440613, "descricao_historico": "T\u00e9cnico de Nivel M\u00e9dio em Inform\u00e1tica", "id": 2922794109}, {"diretoria__setor__uo_id": 923703465, "descricao_historico": "T\u00e9cnico de N\u00edvel M\u00e9dio em Inform\u00e1tica", "id": 1174635345}, {"diretoria__setor__uo_id": 934855993, "descricao_historico": "T\u00e9cnico de Nivel M\u00e9dio em Inform\u00e1tica", "id": 1191364137}, {"diretoria__setor__uo_id": 920915333, "descricao_historico": "T\u00e9cnico de N\u00edvel M\u00e9dio em Inform\u00e1tica para Internet", "id": 1874456477}, {"diretoria__setor__uo_id": 926491597, "descricao_historico": "T\u00e9cnico de N\u00edvel M\u00e9dio em Manuten\u00e7\u00e3o e Suporte em Inform\u00e1tica", "id": 2761082453}, {"diretoria__setor__uo_id": 923703465, "descricao_historico": "T\u00e9cnico de N\u00edvel M\u00e9dio em Inform\u00e1tica para Internet", "id": 2928370373}, {"diretoria__setor__uo_id": 951584785, "descricao_historico": "T\u00e9cnico de N\u00edvel M\u00e9dio em Manuten\u00e7\u00e3o e Suporte em Inform\u00e1tica", "id": 2763870585}, {"diretoria__setor__uo_id": 1043593141, "descricao_historico": "T\u00e9cnico em Programa\u00e7\u00e3o de Jogos Digitais", "id": 3301980061}, {"diretoria__setor__uo_id": 920915333, "descricao_historico": "T\u00e9cnico de N\u00edvel M\u00e9dio em Edifica\u00e7\u00f5es", "id": 1891185269}, {"diretoria__setor__uo_id": 965525445, "descricao_historico": "T\u00e9cnico de N\u00edvel M\u00e9dio em Edifica\u00e7\u00f5es", "id": 1949736041}, {"diretoria__setor__uo_id": 1038016877, "descricao_historico": "T\u00e9cnico de N\u00edvel M\u00e9dio em Edifica\u00e7\u00f5es", "id": 2931158505}, {"diretoria__setor__uo_id": 962737313, "descricao_historico": "T\u00e9cnico de N\u00edvel M\u00e9dio em Qu\u00edmica, na Forma Integrado", "id": 1983193625}, {"diretoria__setor__uo_id": 946008521, "descricao_historico": "T\u00e9cnico de N\u00edvel M\u00e9dio em Qu\u00edmica", "id": 1980405493}, {"diretoria__setor__uo_id": 948796653, "descricao_historico": "T\u00e9cnico de N\u00edvel M\u00e9dio em Alimentos", "id": 1888397137}, {"diretoria__setor__uo_id": 937644125, "descricao_historico": "T\u00e9cnico de N\u00edvel M\u00e9dio em T\u00eaxtil", "id": 2735989265}, {"diretoria__setor__uo_id": 937644125, "descricao_historico": "T\u00e9cnico de N\u00edvel M\u00e9dio em Vestu\u00e1rio", "id": 2328921993}, {"diretoria__setor__uo_id": 940432257, "descricao_historico": "T\u00e9cnico de Nivel M\u00e9dio em Agropecu\u00e1ria, na Forma Integrada", "id": 3341013909}, {"diretoria__setor__uo_id": 946008521, "descricao_historico": "T\u00e9cnico de N\u00edvel M\u00e9dio em Recursos Pesqueiros", "id": 1974829229}, {"diretoria__setor__uo_id": 943220389, "descricao_historico": "T\u00e9cnico de N\u00edvel M\u00e9dio em Inform\u00e1tica", "id": 1567761957}, {"diretoria__setor__uo_id": 920915333, "descricao_historico": "T\u00e9cnico de N\u00edvel M\u00e9dio em Geologia", "id": 1952524173}, {"diretoria__setor__uo_id": 920915333, "descricao_historico": "T\u00e9cnico de N\u00edvel M\u00e9dio em Minera\u00e7\u00e3o", "id": 1972041097}, {"diretoria__setor__uo_id": 1051957537, "descricao_historico": "T\u00e9cnico de N\u00edvel M\u00e9dio em Minera\u00e7\u00e3o", "id": 3338225777}, {"diretoria__setor__uo_id": 940432257, "descricao_historico": "T\u00e9cnico de Nivel M\u00e9dio em Zootecnia", "id": 1977617361}, {"diretoria__setor__uo_id": 965525445, "descricao_historico": "T\u00e9cnico de N\u00edvel M\u00e9dio em Log\u00edstica", "id": 2334498257}, {"diretoria__setor__uo_id": 926491597, "descricao_historico": "T\u00e9cnico de N\u00edvel M\u00e9dio em Alimentos", "id": 1163482817}, {"diretoria__setor__uo_id": 1049169405, "descricao_historico": "T\u00e9cnico de Nivel M\u00e9dio em Inform\u00e1tica", "id": 3282463137}, {"diretoria__setor__uo_id": 937644125, "descricao_historico": "T\u00e9cnico de N\u00edvel M\u00e9dio em Inform\u00e1tica", "id": 1913490325}, {"diretoria__setor__uo_id": 1043593141, "descricao_historico": "T\u00e9cnico de Nivel M\u00e9dio em Inform\u00e1tica", "id": 2925582241}, {"diretoria__setor__uo_id": 940432257, "descricao_historico": "T\u00e9cnico de Nivel M\u00e9dio em Inform\u00e1tica", "id": 1907914061}, {"diretoria__setor__uo_id": 946008521, "descricao_historico": "T\u00e9cnico de Nivel M\u00e9dio em Inform\u00e1tica", "id": 2331710125}, {"diretoria__setor__uo_id": 923703465, "descricao_historico": "T\u00e9cnico de Nivel M\u00e9dio em Inform\u00e1tica", "id": 1896761533}, {"diretoria__setor__uo_id": 920915333, "descricao_historico": "T\u00e9cnico de N\u00edvel M\u00e9dio em Controle Ambiental", "id": 1930219117}, {"diretoria__setor__uo_id": 943220389, "descricao_historico": "T\u00e9cnico de N\u00edvel M\u00e9dio em Administra\u00e7\u00e3o", "id": 2337286389}, {"diretoria__setor__uo_id": 923703465, "descricao_historico": "T\u00e9cnico de N\u00edvel M\u00e9dio em Eletr\u00f4nica", "id": 1935795381}, {"diretoria__setor__uo_id": 929279729, "descricao_historico": "T\u00e9cnico de N\u00edvel M\u00e9dio em Mec\u00e2nica", "id": 1960888569}, {"diretoria__setor__uo_id": 920915333, "descricao_historico": "T\u00e9cnico de N\u00edvel M\u00e9dio em Mec\u00e2nica", "id": 1958100437}, {"diretoria__setor__uo_id": 1038016877, "descricao_historico": "T\u00e9cnico de N\u00edvel M\u00e9dio em Meio Ambiente", "id": 2933946637}, {"diretoria__setor__uo_id": 923703465, "descricao_historico": "T\u00e9cnico de N\u00edvel M\u00e9dio em Eletr\u00f4nica", "id": 1266643701}, {"diretoria__setor__uo_id": 951584785, "descricao_historico": "T\u00e9cnico de N\u00edvel M\u00e9dio em Refrigera\u00e7\u00e3o e Climatiza\u00e7\u00e3o", "id": 1985981757}, {"diretoria__setor__uo_id": 943220389, "descricao_historico": "T\u00e9cnico de N\u00edvel M\u00e9dio em Cooperativismo", "id": 1933007249}, {"diretoria__setor__uo_id": 920915333, "descricao_historico": "T\u00e9cnico de Nivel M\u00e9dio Inform\u00e1tica", "id": 2752718057}, {"diretoria__setor__uo_id": 937644125, "descricao_historico": "T\u00e9cnico de N\u00edvel M\u00e9dio em Eletrot\u00e9cnica", "id": 1584490749}, {"diretoria__setor__uo_id": 920915333, "descricao_historico": "T\u00e9cnico de N\u00edvel M\u00e9dio em Constru\u00e7\u00e3o Civil", "id": 923703465}, {"diretoria__setor__uo_id": 920915333, "descricao_historico": "T\u00e9cnico de N\u00edvel M\u00e9dio em Constru\u00e7\u00e3o Civil", "id": 940432257}, {"diretoria__setor__uo_id": 920915333, "descricao_historico": "T\u00e9cnico de N\u00edvel M\u00e9dio em Geologia e Minera\u00e7\u00e3o", "id": 1104932045}, {"diretoria__setor__uo_id": 920915333, "descricao_historico": "T\u00e9cnico de N\u00edvel M\u00e9dio em Geologia e Minera\u00e7\u00e3o", "id": 979466105}, {"diretoria__setor__uo_id": 920915333, "descricao_historico": "T\u00e9cnico de N\u00edvel M\u00e9dio em Geologia e Minera\u00e7\u00e3o", "id": 929279729}, {"diretoria__setor__uo_id": 937644125, "descricao_historico": "T\u00e9cnico de N\u00edvel M\u00e9dio em Inform\u00e1tica", "id": 1556609429}, {"diretoria__setor__uo_id": 948796653, "descricao_historico": "T\u00e9cnico de N\u00edvel M\u00e9dio em Inform\u00e1tica", "id": 1570550089}, {"diretoria__setor__uo_id": 920915333, "descricao_historico": "T\u00e9cnico de N\u00edvel M\u00e9dio em Inform\u00e1tica", "id": 932067861}, {"diretoria__setor__uo_id": 920915333, "descricao_historico": "T\u00e9cnico de N\u00edvel M\u00e9dio em Minera\u00e7\u00e3o", "id": 1559397561}, {"diretoria__setor__uo_id": 934855993, "descricao_historico": "T\u00e9cnico de N\u00edvel M\u00e9dio em Agroecologia", "id": 1188576005}, {"diretoria__setor__uo_id": 948796653, "descricao_historico": "T\u00e9cnico de N\u00edvel M\u00e9dio em Alimentos", "id": 1578914485}, {"diretoria__setor__uo_id": 946008521, "descricao_historico": "T\u00e9cnico de N\u00edvel M\u00e9dio em Qu\u00edmica", "id": 1587278881}, {"diretoria__setor__uo_id": 946008521, "descricao_historico": "T\u00e9cnico de N\u00edvel M\u00e9dio em Recursos Pesqueiros", "id": 1581702617}, {"diretoria__setor__uo_id": 934855993, "descricao_historico": "T\u00e9cnico de N\u00edvel M\u00e9dio em Manuten\u00e7\u00e3o e Suporte em Inform\u00e1tica", "id": 2758294321}, {"diretoria__setor__uo_id": 923703465, "descricao_historico": "T\u00e9cnico de N\u00edvel M\u00e9dio em Manuten\u00e7\u00e3o e Suporte em Inform\u00e1tica", "id": 2755506189}, {"diretoria__setor__uo_id": 920915333, "descricao_historico": "T\u00e9cnico de N\u00edvel M\u00e9dio em Controle Ambiental", "id": 1102143913}, {"diretoria__setor__uo_id": 943220389, "descricao_historico": "T\u00e9cnico de N\u00edvel M\u00e9dio em Cooperativismo", "id": 1564973825}, {"diretoria__setor__uo_id": 951584785, "descricao_historico": "T\u00e9cnico de N\u00edvel M\u00e9dio em Refrigera\u00e7\u00e3o e Climatiza\u00e7\u00e3o", "id": 1576126353}, {"diretoria__setor__uo_id": 929279729, "descricao_historico": "T\u00e9cnico de N\u00edvel M\u00e9dio em Edifica\u00e7\u00f5es", "id": 1333558869}, {"diretoria__setor__uo_id": 920915333, "descricao_historico": "T\u00e9cnico de N\u00edvel M\u00e9dio em Edifica\u00e7\u00f5es", "id": 1079838857}, {"diretoria__setor__uo_id": 929279729, "descricao_historico": "T\u00e9cnico de N\u00edvel M\u00e9dio em Eletromec\u00e2nica", "id": 1288948757}, {"diretoria__setor__uo_id": 920915333, "descricao_historico": "T\u00e9cnico de N\u00edvel M\u00e9dio em Eletromec\u00e2nica", "id": 962737313}, {"diretoria__setor__uo_id": 920915333, "descricao_historico": "T\u00e9cnico de N\u00edvel M\u00e9dio em Eletromec\u00e2nica", "id": 926491597}, {"diretoria__setor__uo_id": 920915333, "descricao_historico": "T\u00e9cnico de N\u00edvel M\u00e9dio em Eletrot\u00e9cnica", "id": 1088203253}, {"diretoria__setor__uo_id": 920915333, "descricao_historico": "T\u00e9cnico de N\u00edvel M\u00e9dio em Geologia", "id": 1562185693}, {"diretoria__setor__uo_id": 954372917, "descricao_historico": "T\u00e9cnico de N\u00edvel M\u00e9dio em Guia de Turismo", "id": 1135601497}, {"diretoria__setor__uo_id": 920915333, "descricao_historico": "T\u00e9cnico de N\u00edvel M\u00e9dio em Inform\u00e1tica", "id": 1113296441}, {"diretoria__setor__uo_id": 954372917, "descricao_historico": "T\u00e9cnico de N\u00edvel M\u00e9dio em Servi\u00e7os", "id": 1001771161}, {"diretoria__setor__uo_id": 954372917, "descricao_historico": "T\u00e9cnico de N\u00edvel M\u00e9dio em Servi\u00e7os", "id": 934855993}, {"diretoria__setor__uo_id": 929279729, "descricao_historico": "T\u00e9cnico de N\u00edvel M\u00e9dio em Inform\u00e1tica", "id": 1350287661}, {"diretoria__setor__uo_id": 920915333, "descricao_historico": "T\u00e9cnico de N\u00edvel M\u00e9dio em Tecnologia Ambiental", "id": 937644125}, {"diretoria__setor__uo_id": 920915333, "descricao_historico": "T\u00e9cnico de N\u00edvel M\u00e9dio em Tecnologia Ambiental", "id": 1024076217}, {"diretoria__setor__uo_id": 929279729, "descricao_historico": "T\u00e9cnico de N\u00edvel M\u00e9dio em Mec\u00e2nica", "id": 1344711397}, {"diretoria__setor__uo_id": 920915333, "descricao_historico": "T\u00e9cnico de N\u00edvel M\u00e9dio em Mec\u00e2nica", "id": 1090991385}, {"diretoria__setor__uo_id": 940432257, "descricao_historico": "T\u00e9cnico de Nivel M\u00e9dio em Biocombust\u00edveis", "id": 1553821297}, {"diretoria__setor__uo_id": 923703465, "descricao_historico": "T\u00e9cnico de N\u00edvel M\u00e9dio em Com\u00e9rcio", "id": 1269431833}, {"diretoria__setor__uo_id": 923703465, "descricao_historico": "T\u00e9cnico de N\u00edvel M\u00e9dio em Eletrot\u00e9cnica", "id": 1171847213}, {"diretoria__setor__uo_id": 929279729, "descricao_historico": "T\u00e9cnico de N\u00edvel M\u00e9dio em Eletrot\u00e9cnica", "id": 1341923265}, {"diretoria__setor__uo_id": 926491597, "descricao_historico": "T\u00e9cnico de N\u00edvel M\u00e9dio em Inform\u00e1tica", "id": 1169059081}, {"diretoria__setor__uo_id": 951584785, "descricao_historico": "T\u00e9cnico de N\u00edvel M\u00e9dio em Inform\u00e1tica", "id": 1573338221}, {"diretoria__setor__uo_id": 940432257, "descricao_historico": "T\u00e9cnico de Nivel M\u00e9dio em Inform\u00e1tica", "id": 1670922841}, {"diretoria__setor__uo_id": 920915333, "descricao_historico": "T\u00e9cnico de N\u00edvel M\u00e9dio em Inform\u00e1tica", "id": 987830501}, {"diretoria__setor__uo_id": 968313577, "descricao_historico": "T\u00e9cnico Integrado em Edificacoes", "id": 1222033589}, {"diretoria__setor__uo_id": 968313577, "descricao_historico": "T\u00e9cnico Integrado em Eletrot\u00e9cnica", "id": 1230397985}, {"diretoria__setor__uo_id": 968313577, "descricao_historico": "T\u00e9cnico Integrado em Estradas", "id": 1219245457}, {"diretoria__setor__uo_id": 968313577, "descricao_historico": "T\u00e9cnico Integrado em Geologia", "id": 1235974249}, {"diretoria__setor__uo_id": 968313577, "descricao_historico": "T\u00e9cnico Integrado em Mec\u00e2nica", "id": 1227609853}, {"diretoria__setor__uo_id": 968313577, "descricao_historico": "T\u00e9cnico Integrado em Minera\u00e7\u00e3o", "id": 1233186117}, {"diretoria__setor__uo_id": 940432257, "descricao_historico": "T\u00e9cnico de N\u00edvel M\u00e9dio em Zootecnia", "id": 1551033165}, {"diretoria__setor__uo_id": 968313577, "descricao_historico": "T\u00e9cnico Integrado em Saneamento", "id": 1224821721}]