[{"ch_hora_relogio": 120, "descricao_historico": "Acionamento Eletr\u00f4nico", "id": 11613401553}, {"ch_hora_relogio": 60, "descricao_historico": "Administra\u00e7\u00e3o de Empresas Cooperativistas I", "id": 11195181753}, {"ch_hora_relogio": 45, "descricao_historico": "Administra\u00e7\u00e3o de Empresas Cooperativistas II", "id": 11206334281}, {"ch_hora_relogio": 30, "descricao_historico": "Agricultura Geral", "id": 9764870037}, {"ch_hora_relogio": 30, "descricao_historico": "Agroecologia", "id": 9770446301}, {"ch_hora_relogio": 45, "descricao_historico": "Agroecologia Geral", "id": 10919156685}, {"ch_hora_relogio": 45, "descricao_historico": "Anatomia e Fisiologia Animal(45H)", "id": 9650556625}, {"ch_hora_relogio": 60, "descricao_historico": "Anatomia e Fisiologia Animal(60H)", "id": 9915429165}, {"ch_hora_relogio": 45, "descricao_historico": "An\u00e1lise Qu\u00edmica dos Minerais(45H)", "id": 12145934765}, {"ch_hora_relogio": 30, "descricao_historico": "An\u00e1lise Sensorial(30H)", "id": 10829936461}, {"ch_hora_relogio": 60, "descricao_historico": "An\u00e1lise de \u00c1guas e Efluentes(60H)", "id": 11867121565}, {"ch_hora_relogio": 60, "descricao_historico": "An\u00e1lise e Projeto Orientados a Objetos(60H)", "id": 11496300009}, {"ch_hora_relogio": 60, "descricao_historico": "An\u00e1lises de Solo e de Res\u00edduos S\u00f3lidos(60H)", "id": 11869909697}, {"ch_hora_relogio": 45, "descricao_historico": "Arquitetura de Sistemas(45H)", "id": 11568791441}, {"ch_hora_relogio": 105, "descricao_historico": "Arquitetura de redes de computadores e Tecnologia de Implementa\u00e7\u00e3o de redes", "id": 3547335677}, {"ch_hora_relogio": 30, "descricao_historico": "Arte I", "id": 16746352565}, {"ch_hora_relogio": 30, "descricao_historico": "Arte I(30H)", "id": 9736988717}, {"ch_hora_relogio": 30, "descricao_historico": "Arte I(40H)", "id": 15145964797}, {"ch_hora_relogio": 60, "descricao_historico": "Arte II", "id": 16779810149}, {"ch_hora_relogio": 30, "descricao_historico": "Arte II", "id": 10612462165}, {"ch_hora_relogio": 30, "descricao_historico": "Arte II(30H)", "id": 9784386961}, {"ch_hora_relogio": 60, "descricao_historico": "Arte II(60H)", "id": 15625523501}, {"ch_hora_relogio": 30, "descricao_historico": "Arte III", "id": 3555700073}, {"ch_hora_relogio": 30, "descricao_historico": "Arte III(30H)", "id": 9787175093}, {"ch_hora_relogio": 85, "descricao_historico": "Atividades relacionadas a pr\u00e1tica profissional I", "id": 3734140521}, {"ch_hora_relogio": 85, "descricao_historico": "Atividades relacionadas a pr\u00e1tica profissional II", "id": 3748081181}, {"ch_hora_relogio": 85, "descricao_historico": "Atividades relacionadas a pr\u00e1tica profissional III", "id": 3736928653}, {"ch_hora_relogio": 85, "descricao_historico": "Atividades relacionadas a pr\u00e1tica profissional IV", "id": 3750869313}, {"ch_hora_relogio": 60, "descricao_historico": "Autoria Web", "id": 3558488205}, {"ch_hora_relogio": 120, "descricao_historico": "Banco de Dados(120H)", "id": 11482359349}, {"ch_hora_relogio": 60, "descricao_historico": "Base Epistemol\u00f3gica do Cooperativismo(60H)", "id": 11189605489}, {"ch_hora_relogio": 120, "descricao_historico": "Biologia I", "id": 14627372245}, {"ch_hora_relogio": 90, "descricao_historico": "Biologia I", "id": 16749140697}, {"ch_hora_relogio": 90, "descricao_historico": "Biologia I(120H)", "id": 15159905457}, {"ch_hora_relogio": 90, "descricao_historico": "Biologia I(90H)", "id": 9759293773}, {"ch_hora_relogio": 90, "descricao_historico": "Biologia I(90H)", "id": 15594854049}, {"ch_hora_relogio": 120, "descricao_historico": "Biologia II(120H)", "id": 9803903885}, {"ch_hora_relogio": 60, "descricao_historico": "Biologia II(60H)", "id": 15628311633}, {"ch_hora_relogio": 60, "descricao_historico": "Biologia III", "id": 16816055865}, {"ch_hora_relogio": 60, "descricao_historico": "Biologia III(60H)", "id": 15658981085}, {"ch_hora_relogio": 30, "descricao_historico": "Biologia Pesqueira(30H)", "id": 11401503521}, {"ch_hora_relogio": 30, "descricao_historico": "Biologia aplicada a alimentos(30H)", "id": 10779750085}, {"ch_hora_relogio": 30, "descricao_historico": "Biologia das Abelhas(30H)", "id": 11761172549}, {"ch_hora_relogio": 30, "descricao_historico": "Bioma Caatinga e Tecnologias Adaptadas ao Semi\u00e1rido(30H)", "id": 10921944817}, {"ch_hora_relogio": 90, "descricao_historico": "Bioqu\u00edmica e Microbiologia dos Biocombust\u00edveis(90H)", "id": 10004649389}, {"ch_hora_relogio": 30, "descricao_historico": "Biotecnologia Aplicada aos Alimentos(30H)", "id": 10815995801}, {"ch_hora_relogio": 45, "descricao_historico": "Capta\u00e7\u00e3o de v\u00eddeo(45H)", "id": 10637555353}, {"ch_hora_relogio": 45, "descricao_historico": "Capta\u00e7\u00e3o e Desenho de Som para \u00c1udio e V\u00eddeo(45H)", "id": 10640343485}, {"ch_hora_relogio": 30, "descricao_historico": "Cartografia Ambiental(30H)", "id": 11819723321}, {"ch_hora_relogio": 60, "descricao_historico": "Cartografia Ambiental(60H)", "id": 11011165041}, {"ch_hora_relogio": 120, "descricao_historico": "Circuitos El\u00e9tricos em Corrente Cont\u00ednua e Alternada(120H)", "id": 11574367705}, {"ch_hora_relogio": 180, "descricao_historico": "Circuitos El\u00e9tricos(180H)", "id": 10364318417}, {"ch_hora_relogio": 30, "descricao_historico": "Ci\u00eancia dos materiais(30H)", "id": 10553911393}, {"ch_hora_relogio": 45, "descricao_historico": "Ci\u00eancias dos Materiais(45H)", "id": 11630130345}, {"ch_hora_relogio": 45, "descricao_historico": "Comando Num\u00e9rico Computadorizado - CNC(45H)", "id": 11680316721}, {"ch_hora_relogio": 60, "descricao_historico": "Comandos El\u00e9tricos e Acionamento de M\u00e1quinas(60H)", "id": 11716562437}, {"ch_hora_relogio": 60, "descricao_historico": "Cominui\u00e7\u00e3o e Classifica\u00e7\u00e3o(60H)", "id": 12636645997}, {"ch_hora_relogio": 60, "descricao_historico": "Comportamento Organizacional(60H)", "id": 11526969461}, {"ch_hora_relogio": 90, "descricao_historico": "Comunica\u00e7\u00e3o Eletr\u00f4nica(90H)", "id": 11607825289}, {"ch_hora_relogio": 30, "descricao_historico": "Conceitos de Jogos Digitais(30H)", "id": 10484208093}, {"ch_hora_relogio": 90, "descricao_historico": "Concentra\u00e7\u00e3o Mineral(90H)", "id": 12661739185}, {"ch_hora_relogio": 90, "descricao_historico": "Constru\u00e7\u00e3o Civil I(90H)", "id": 11903367281}, {"ch_hora_relogio": 90, "descricao_historico": "Constru\u00e7\u00e3o Civil II(90H)", "id": 11928460469}, {"ch_hora_relogio": 30, "descricao_historico": "Constru\u00e7\u00e3o de Personagens e Narrativas(30H)", "id": 10495360621}, {"ch_hora_relogio": 60, "descricao_historico": "Contabilidade Geral", "id": 3700682937}, {"ch_hora_relogio": 90, "descricao_historico": "Controladores L\u00f3gicos Program\u00e1veis(90H)", "id": 10400564133}, {"ch_hora_relogio": 90, "descricao_historico": "Controladores Program\u00e1veis(90H)", "id": 11593884629}, {"ch_hora_relogio": 45, "descricao_historico": "Controle Estat\u00edstico da Qualidade(45H)", "id": 10818783933}, {"ch_hora_relogio": 60, "descricao_historico": "Controle de Qualidade na Ind\u00fastria T\u00eaxtil(60H)", "id": 10325284569}, {"ch_hora_relogio": 30, "descricao_historico": "Controle de Uso de Recursos Naturais(30H)", "id": 11850392773}, {"ch_hora_relogio": 60, "descricao_historico": "Corros\u00e3o(60H)", "id": 11370834069}, {"ch_hora_relogio": 60, "descricao_historico": "Culturas para produ\u00e7\u00e3o de biocombust\u00edveis(60H)", "id": 9982344333}, {"ch_hora_relogio": 30, "descricao_historico": "Defesa sanit\u00e1ria vegetal(30H)", "id": 9653344757}, {"ch_hora_relogio": 45, "descricao_historico": "Dep\u00f3sitos Minerais(45H)", "id": 12162663557}, {"ch_hora_relogio": 60, "descricao_historico": "Desenho", "id": 16751928829}, {"ch_hora_relogio": 90, "descricao_historico": "Desenho Arquitet\u00f4nico(90H)", "id": 11889426621}, {"ch_hora_relogio": 60, "descricao_historico": "Desenho Assistido por Computador(60H)", "id": 11900579149}, {"ch_hora_relogio": 45, "descricao_historico": "Desenho CAD(45H)", "id": 10358742153}, {"ch_hora_relogio": 60, "descricao_historico": "Desenho Geol\u00f3gico (60H)", "id": 14376440365}, {"ch_hora_relogio": 45, "descricao_historico": "Desenho Geol\u00f3gico(45H)", "id": 12143146633}, {"ch_hora_relogio": 30, "descricao_historico": "Desenho Mec\u00e2nico(30H)", "id": 10545546997}, {"ch_hora_relogio": 45, "descricao_historico": "Desenho Mec\u00e2nico(45H)", "id": 11621765949}, {"ch_hora_relogio": 60, "descricao_historico": "Desenho T\u00e9cnico Mec\u00e2nico(60H)", "id": 11708198041}, {"ch_hora_relogio": 30, "descricao_historico": "Desenho T\u00e9cnico do Vestu\u00e1rio(30H)", "id": 10219335553}, {"ch_hora_relogio": 60, "descricao_historico": "Desenho T\u00e9cnico e CAD(60H)", "id": 10542758865}, {"ch_hora_relogio": 30, "descricao_historico": "Desenho T\u00e9cnico(30H)", "id": 10355954021}, {"ch_hora_relogio": 60, "descricao_historico": "Desenho T\u00e9cnico(60H)", "id": 11624554081}, {"ch_hora_relogio": 60, "descricao_historico": "Desenho T\u00e9cnico(60H)", "id": 11883850357}, {"ch_hora_relogio": 45, "descricao_historico": "Desenho e Constru\u00e7\u00f5es Rurais(45H)", "id": 9776022565}, {"ch_hora_relogio": 30, "descricao_historico": "Desenho(30H)", "id": 11956341789}, {"ch_hora_relogio": 60, "descricao_historico": "Desenho(60H)", "id": 15597642181}, {"ch_hora_relogio": 60, "descricao_historico": "Desenho(80H)", "id": 15134812269}, {"ch_hora_relogio": 60, "descricao_historico": "Desenvolvimento Sustent\u00e1vel(60H)", "id": 10994436249}, {"ch_hora_relogio": 60, "descricao_historico": "Desenvolvimento Vegetal(60H)", "id": 10927521081}, {"ch_hora_relogio": 60, "descricao_historico": "Desenvolvimento de Padronagens(60H)", "id": 10311343909}, {"ch_hora_relogio": 340, "descricao_historico": "Desenvolvimento de Pesquisa Acad\u00eamico-Cient\u00edfica ou Tecnol\u00f3gica ou Atividade de Extens\u00e3o(340H)", "id": 10277886325}, {"ch_hora_relogio": 30, "descricao_historico": "Desenvolvimento de Projeto II (integrador/t\u00e9cnico)", "id": 14697075545}, {"ch_hora_relogio": 60, "descricao_historico": "Desenvolvimento de Projeto Integrador", "id": 3566852601}, {"ch_hora_relogio": 15, "descricao_historico": "Desenvolvimento de Projeto Integrador I(15H)", "id": 10629190957}, {"ch_hora_relogio": 15, "descricao_historico": "Desenvolvimento de Projeto Integrador II", "id": 14680346753}, {"ch_hora_relogio": 15, "descricao_historico": "Desenvolvimento de Projeto Integrador III", "id": 14683134885}, {"ch_hora_relogio": 15, "descricao_historico": "Desenvolvimento de Projeto Integrador IV", "id": 14685923017}, {"ch_hora_relogio": 20, "descricao_historico": "Desenvolvimento de Projeto Integrador V", "id": 14688711149}, {"ch_hora_relogio": 60, "descricao_historico": "Desenvolvimento de Projeto Integrador(60H)", "id": 9862454657}, {"ch_hora_relogio": 340, "descricao_historico": "Desenvolvimento de Projetos Pesquisa(340H)", "id": 11953553657}, {"ch_hora_relogio": 340, "descricao_historico": "Desenvolvimento de Projetos de Extens\u00e3o(340H)", "id": 10417292925}, {"ch_hora_relogio": 340, "descricao_historico": "Desenvolvimento de Projetos de Pesquisa(340H)", "id": 10414504793}, {"ch_hora_relogio": 340, "descricao_historico": "Desenvolvimento de Projetos de Pesquisa/Extens\u00e3o(340H)", "id": 10046471369}, {"ch_hora_relogio": 30, "descricao_historico": "Desenvolvimento do Projeto Integrador I(30H)", "id": 11922884205}, {"ch_hora_relogio": 30, "descricao_historico": "Desenvolvimento do Projeto Integrador II", "id": 3756445577}, {"ch_hora_relogio": 30, "descricao_historico": "Desenvolvimento do Projeto Integrador II(30H)", "id": 11950765525}, {"ch_hora_relogio": 30, "descricao_historico": "Desenvolvomento do Projeto Integrador I", "id": 3745293049}, {"ch_hora_relogio": 60, "descricao_historico": "Design Gr\u00e1fico(60H)", "id": 10498148753}, {"ch_hora_relogio": 120, "descricao_historico": "Design Web e Arquitetura da Informa\u00e7\u00e3o(120H)", "id": 11473994953}, {"ch_hora_relogio": 45, "descricao_historico": "Design e Comunica\u00e7\u00e3o Visual II", "id": 10618038429}, {"ch_hora_relogio": 75, "descricao_historico": "Design e comunica\u00e7\u00e3o visual I", "id": 10615250297}, {"ch_hora_relogio": 30, "descricao_historico": "Desmonte de Rochas", "id": 3789903161}, {"ch_hora_relogio": 60, "descricao_historico": "Desmonte de Rochas(60H)", "id": 12628281601}, {"ch_hora_relogio": 30, "descricao_historico": "Direito Ambiental(30H)", "id": 11833663981}, {"ch_hora_relogio": 60, "descricao_historico": "Direito de Empresa, Trabalhista e Tribut\u00e1rio", "id": 3703471069}, {"ch_hora_relogio": 45, "descricao_historico": "Ecologia(45H)", "id": 10986071853}, {"ch_hora_relogio": 30, "descricao_historico": "Ecotoxicologia(30H)", "id": 11858757169}, {"ch_hora_relogio": 60, "descricao_historico": "Edafologia e Fertilidade do Solo(60H)", "id": 10935885477}, {"ch_hora_relogio": 45, "descricao_historico": "Edafologia e fertilidade do solo(45H)", "id": 9647768493}, {"ch_hora_relogio": 60, "descricao_historico": "Edafologia(60H)", "id": 11005588777}, {"ch_hora_relogio": 45, "descricao_historico": "Edi\u00e7\u00e3o de V\u00eddeo 2D e 3D(45H)", "id": 10657072277}, {"ch_hora_relogio": 45, "descricao_historico": "Educa\u00e7\u00e3o Ambiental e Ecoturismo(45H)", "id": 11016741305}, {"ch_hora_relogio": 60, "descricao_historico": "Educa\u00e7\u00e3o F\u00edsica I", "id": 16754716961}, {"ch_hora_relogio": 60, "descricao_historico": "Educa\u00e7\u00e3o F\u00edsica I(60H)", "id": 9756505641}, {"ch_hora_relogio": 60, "descricao_historico": "Educa\u00e7\u00e3o F\u00edsica I(80H)", "id": 15148752929}, {"ch_hora_relogio": 60, "descricao_historico": "Educa\u00e7\u00e3o F\u00edsica II", "id": 16788174545}, {"ch_hora_relogio": 60, "descricao_historico": "Educa\u00e7\u00e3o F\u00edsica II(60H)", "id": 15631099765}, {"ch_hora_relogio": 60, "descricao_historico": "Educa\u00e7\u00e3o F\u00edsica II(60H)", "id": 9789963225}, {"ch_hora_relogio": 120, "descricao_historico": "Elemento L\u00fadico ", "id": 13531636369}, {"ch_hora_relogio": 60, "descricao_historico": "Elementos de Projeto Arquitet\u00f4nico(60H)", "id": 11925672337}, {"ch_hora_relogio": 30, "descricao_historico": "Elementos de maquinas(30H)", "id": 10567852053}, {"ch_hora_relogio": 45, "descricao_historico": "Elementos de m\u00e1quinas(45H)", "id": 11646859137}, {"ch_hora_relogio": 120, "descricao_historico": "Eletricidade B\u00e1sica e Circuitos El\u00e9tricos(120H)", "id": 10559487657}, {"ch_hora_relogio": 30, "descricao_historico": "Eletricidade B\u00e1sica(30H)", "id": 10353165889}, {"ch_hora_relogio": 45, "descricao_historico": "Eletricidade B\u00e1sica(45H)", "id": 11632918477}, {"ch_hora_relogio": 30, "descricao_historico": "Eletricidade Elementar(30H)", "id": 11571579573}, {"ch_hora_relogio": 90, "descricao_historico": "Eletricidade Instrumental", "id": 3575216997}, {"ch_hora_relogio": 120, "descricao_historico": "Eletricidade e Eletr\u00f4nica(120H)", "id": 11697045513}, {"ch_hora_relogio": 60, "descricao_historico": "Eletricidade(60H)", "id": 11970282449}, {"ch_hora_relogio": 120, "descricao_historico": "Eletr\u00f4nica Anal\u00f3gica e Digital", "id": 3578005129}, {"ch_hora_relogio": 150, "descricao_historico": "Eletr\u00f4nica Anal\u00f3gica e de Pot\u00eancia", "id": 13894093529}, {"ch_hora_relogio": 120, "descricao_historico": "Eletr\u00f4nica Anal\u00f3gica(120H)", "id": 11588308365}, {"ch_hora_relogio": 75, "descricao_historico": "Eletr\u00f4nica Anal\u00f3gica(75H)", "id": 10882910969}, {"ch_hora_relogio": 90, "descricao_historico": "Eletr\u00f4nica Anal\u00f3gica(90H)", "id": 10375470945}, {"ch_hora_relogio": 45, "descricao_historico": "Eletr\u00f4nica Aplicada(45H)", "id": 10394987869}, {"ch_hora_relogio": 75, "descricao_historico": "Eletr\u00f4nica Digital", "id": 13891305397}, {"ch_hora_relogio": 75, "descricao_historico": "Eletr\u00f4nica Digital(75H)", "id": 10885699101}, {"ch_hora_relogio": 90, "descricao_historico": "Eletr\u00f4nica Digital(90H)", "id": 10372682813}, {"ch_hora_relogio": 120, "descricao_historico": "Eletr\u00f4nica anal\u00f3gica e digital(120H)", "id": 10565063921}, {"ch_hora_relogio": 60, "descricao_historico": "Eletr\u00f4nica de Pot\u00eancia(60H)", "id": 10891275365}, {"ch_hora_relogio": 60, "descricao_historico": "Embalagem, Rotulagem e Log\u00edstica(60H)", "id": 10827148329}, {"ch_hora_relogio": 60, "descricao_historico": "Empreendedorismo", "id": 3731352389}, {"ch_hora_relogio": 60, "descricao_historico": "Empreendedorismo na Ind\u00fastria da Confec\u00e7\u00e3o do Vestu\u00e1rio e de Acess\u00f3rios(60H)", "id": 10241640609}, {"ch_hora_relogio": 30, "descricao_historico": "Empreendedorismo(30H)", "id": 10520453809}, {"ch_hora_relogio": 60, "descricao_historico": "Empreendedorismo(60H)", "id": 11546486385}, {"ch_hora_relogio": 45, "descricao_historico": "Energias Renov\u00e1veis(45H)", "id": 10988859985}, {"ch_hora_relogio": 60, "descricao_historico": "Equipamentos Eletr\u00f4nicos de Apoio e Navega\u00e7\u00e3o(60H)", "id": 11409867917}, {"ch_hora_relogio": 90, "descricao_historico": "Espanhol", "id": 14535363889}, {"ch_hora_relogio": 45, "descricao_historico": "Espanhol Instrumental(45H)", "id": 11549274517}, {"ch_hora_relogio": 90, "descricao_historico": "Espanhol(90H)", "id": 9823420809}, {"ch_hora_relogio": 90, "descricao_historico": "Estabilidade(90H)", "id": 11936824865}, {"ch_hora_relogio": 45, "descricao_historico": "Estamparia Aplicada a Ind\u00fastria do Vestu\u00e1rio(45H)", "id": 10247216873}, {"ch_hora_relogio": 60, "descricao_historico": "Estat\u00edstica", "id": 3706259201}, {"ch_hora_relogio": 60, "descricao_historico": "Estat\u00edstica B\u00e1sica(60H)", "id": 11780689473}, {"ch_hora_relogio": 30, "descricao_historico": "Estratigrafia(30H)", "id": 12168239821}, {"ch_hora_relogio": 60, "descricao_historico": "Estrat\u00e9gia Empresarial(60H)", "id": 11540910121}, {"ch_hora_relogio": 340, "descricao_historico": "Est\u00e1gio", "id": 3583581393}, {"ch_hora_relogio": 340, "descricao_historico": "Est\u00e1gio Curricular Supervisionado: Relat\u00f3rio(340H)", "id": 9907064769}, {"ch_hora_relogio": 340, "descricao_historico": "Est\u00e1gio(340H)", "id": 10347589625}, {"ch_hora_relogio": 60, "descricao_historico": "Fen\u00f4menos de Transporte(60H)", "id": 9999073125}, {"ch_hora_relogio": 60, "descricao_historico": "Filosofia", "id": 16821632129}, {"ch_hora_relogio": 30, "descricao_historico": "Filosofia I(30H)", "id": 9739776849}, {"ch_hora_relogio": 30, "descricao_historico": "Filosofia II(30H)", "id": 9795539489}, {"ch_hora_relogio": 30, "descricao_historico": "Filosofia III(30H)", "id": 9831785205}, {"ch_hora_relogio": 60, "descricao_historico": "Filosofia(60H)", "id": 15633887897}, {"ch_hora_relogio": 30, "descricao_historico": "Filosofia, Ci\u00eancia e Tecnologia(30H)", "id": 9870819053}, {"ch_hora_relogio": 45, "descricao_historico": "Fotografia Digital(45H)", "id": 10623614693}, {"ch_hora_relogio": 90, "descricao_historico": "Franc\u00eas(90H)", "id": 10671012937}, {"ch_hora_relogio": 75, "descricao_historico": "Fundamentos da Administra\u00e7\u00e3o", "id": 3709047333}, {"ch_hora_relogio": 60, "descricao_historico": "Fundamentos da Administra\u00e7\u00e3o(60H)", "id": 11510240669}, {"ch_hora_relogio": 60, "descricao_historico": "Fundamentos da linguagem audiovisual(60H)", "id": 10634767221}, {"ch_hora_relogio": 30, "descricao_historico": "Fundamentos de Intelig\u00eancia Artificial para Jogos Digitais I(30H)", "id": 10500936885}, {"ch_hora_relogio": 60, "descricao_historico": "Fundamentos de Intelig\u00eancia Artificial para Jogos Digitais II(60H)", "id": 10509301281}, {"ch_hora_relogio": 75, "descricao_historico": "Fundamentos de L\u00f3gica e Algoritmos", "id": 3603098317}, {"ch_hora_relogio": 60, "descricao_historico": "Fundamentos de L\u00f3gica e Algoritmos(60H)", "id": 11468418689}, {"ch_hora_relogio": 60, "descricao_historico": "Fundamentos de Programa\u00e7\u00e3o(60H)", "id": 11582732101}, {"ch_hora_relogio": 60, "descricao_historico": "Fundamentos de log\u00edstica(60H)", "id": 12023256957}, {"ch_hora_relogio": 120, "descricao_historico": "Fundamentos de sistemas operacionais e Sistemas operacionais de redes", "id": 3605886449}, {"ch_hora_relogio": 90, "descricao_historico": "F\u00edsica I", "id": 16757505093}, {"ch_hora_relogio": 90, "descricao_historico": "F\u00edsica I(120H)", "id": 15154329193}, {"ch_hora_relogio": 120, "descricao_historico": "F\u00edsica I(120H)", "id": 9859666525}, {"ch_hora_relogio": 90, "descricao_historico": "F\u00edsica I(90H)", "id": 15603218445}, {"ch_hora_relogio": 90, "descricao_historico": "F\u00edsica II", "id": 16790962677}, {"ch_hora_relogio": 120, "descricao_historico": "F\u00edsica II(120H)", "id": 9904276637}, {"ch_hora_relogio": 90, "descricao_historico": "F\u00edsica II(90H)", "id": 15636676029}, {"ch_hora_relogio": 60, "descricao_historico": "F\u00edsica III", "id": 16824420261}, {"ch_hora_relogio": 60, "descricao_historico": "F\u00edsica III(60H)", "id": 15664557349}, {"ch_hora_relogio": 30, "descricao_historico": "F\u00edsico-Qu\u00edmica Experimental(30H)", "id": 11331800221}, {"ch_hora_relogio": 60, "descricao_historico": "F\u00edsico-Qu\u00edmica(60H)", "id": 11329012089}, {"ch_hora_relogio": 60, "descricao_historico": "Geof\u00edsica de Explora\u00e7\u00e3o(60H)", "id": 12173816085}, {"ch_hora_relogio": 60, "descricao_historico": "Geografia I", "id": 16760293225}, {"ch_hora_relogio": 120, "descricao_historico": "Geografia I(120H)", "id": 9792751357}, {"ch_hora_relogio": 60, "descricao_historico": "Geografia I(60H)", "id": 15606006577}, {"ch_hora_relogio": 60, "descricao_historico": "Geografia I(80H)", "id": 15151541061}, {"ch_hora_relogio": 60, "descricao_historico": "Geografia II", "id": 16793750809}, {"ch_hora_relogio": 120, "descricao_historico": "Geografia II(120H)", "id": 11203546149}, {"ch_hora_relogio": 60, "descricao_historico": "Geografia II(60H)", "id": 15642252293}, {"ch_hora_relogio": 60, "descricao_historico": "Geografia II(60H)", "id": 9826208941}, {"ch_hora_relogio": 60, "descricao_historico": "Geografia III", "id": 16827208393}, {"ch_hora_relogio": 60, "descricao_historico": "Geografia III(60H)", "id": 15667345481}, {"ch_hora_relogio": 60, "descricao_historico": "Geologia Estrutural(60H)", "id": 12151511029}, {"ch_hora_relogio": 90, "descricao_historico": "Geologia Geral", "id": 3759233709}, {"ch_hora_relogio": 90, "descricao_historico": "Geologia Geral(90H)", "id": 12131994105}, {"ch_hora_relogio": 30, "descricao_historico": "Geologia do Brasil(30H)", "id": 12165451689}, {"ch_hora_relogio": 30, "descricao_historico": "Geologia do Petr\u00f3leo(30H)", "id": 12171027953}, {"ch_hora_relogio": 90, "descricao_historico": "Geoprocessamento(90H)", "id": 12179392349}, {"ch_hora_relogio": 45, "descricao_historico": "Geoqu\u00edmica de Explora\u00e7\u00e3o(45H)", "id": 12159875425}, {"ch_hora_relogio": 60, "descricao_historico": "Geotecnologias Aplicadas(60H)", "id": 10933097345}, {"ch_hora_relogio": 60, "descricao_historico": "Gest\u00e3o Ambiental do Semi\u00e1rido(60H)", "id": 11755596285}, {"ch_hora_relogio": 60, "descricao_historico": "Gest\u00e3o Ambiental(60H)", "id": 10997224381}, {"ch_hora_relogio": 60, "descricao_historico": "Gest\u00e3o Ambiental(60H)", "id": 11847604641}, {"ch_hora_relogio": 60, "descricao_historico": "Gest\u00e3o Empresarial e estrat\u00e9gia(60H)", "id": 12020468825}, {"ch_hora_relogio": 120, "descricao_historico": "Gest\u00e3o Financeira", "id": 3717411729}, {"ch_hora_relogio": 30, "descricao_historico": "Gest\u00e3o Organizacional", "id": 3614250845}, {"ch_hora_relogio": 90, "descricao_historico": "Gest\u00e3o Organizacional e Seguranca no Trabalho", "id": 16866242241}, {"ch_hora_relogio": 30, "descricao_historico": "Gest\u00e3o Organizacional(30H)", "id": 10021378181}, {"ch_hora_relogio": 45, "descricao_historico": "Gest\u00e3o Organizacional(45H)", "id": 10411716661}, {"ch_hora_relogio": 60, "descricao_historico": "Gest\u00e3o P\u00fablica e Terceiro Setor", "id": 3720199861}, {"ch_hora_relogio": 60, "descricao_historico": "Gest\u00e3o da Atividade Ap\u00edcola(60H)", "id": 11789053869}, {"ch_hora_relogio": 120, "descricao_historico": "Gest\u00e3o da Produ\u00e7\u00e3o e Log\u00edstica", "id": 3711835465}, {"ch_hora_relogio": 60, "descricao_historico": "Gest\u00e3o da Qualidade(60H)", "id": 11513028801}, {"ch_hora_relogio": 45, "descricao_historico": "Gest\u00e3o de Estoques(45H)", "id": 12042773881}, {"ch_hora_relogio": 60, "descricao_historico": "Gest\u00e3o de Marketing(60H)", "id": 11524181329}, {"ch_hora_relogio": 60, "descricao_historico": "Gest\u00e3o de Opera\u00e7\u00f5es(60H)", "id": 12026045089}, {"ch_hora_relogio": 120, "descricao_historico": "Gest\u00e3o de Pessoas", "id": 3714623597}, {"ch_hora_relogio": 60, "descricao_historico": "Gest\u00e3o de Pessoas(60H)", "id": 11521393197}, {"ch_hora_relogio": 45, "descricao_historico": "Gest\u00e3o de Servi\u00e7os em Inform\u00e1tica(45H)", "id": 10902427893}, {"ch_hora_relogio": 45, "descricao_historico": "Gest\u00e3o e Empreendedorismo(45H)", "id": 10908004157}, {"ch_hora_relogio": 60, "descricao_historico": "Gest\u00e3o e Psicologia das Organiza\u00e7\u00f5es(60H)", "id": 10230488081}, {"ch_hora_relogio": 60, "descricao_historico": "Hidrogeologia(60H)", "id": 12176604217}, {"ch_hora_relogio": 60, "descricao_historico": "Hidr\u00e1ulica e Pneum\u00e1tica(60H)", "id": 10397776001}, {"ch_hora_relogio": 90, "descricao_historico": "Hidr\u00e1ulica e Pneum\u00e1tica(90H)", "id": 11655223533}, {"ch_hora_relogio": 60, "descricao_historico": "Hidr\u00e1ulica e pneum\u00e1tica(60H)", "id": 10570640185}, {"ch_hora_relogio": 60, "descricao_historico": "Higiene e Seguran\u00e7a Alimentar(60H)", "id": 10824360197}, {"ch_hora_relogio": 30, "descricao_historico": "Higiene e Seguran\u00e7a do Trabalho na Ind\u00fastria T\u00eaxtil e de Confec\u00e7\u00f5es(30H)", "id": 10328072701}, {"ch_hora_relogio": 30, "descricao_historico": "Higiene e Seguran\u00e7a do Trabalho na Ind\u00fastria T\u00eaxtil e de Confec\u00e7\u00f5es(30H)", "id": 10275098193}, {"ch_hora_relogio": 30, "descricao_historico": "Higiene e profilaxia animal(30H)", "id": 9656132889}, {"ch_hora_relogio": 30, "descricao_historico": "Historia da Indument\u00e1ria(30H)", "id": 10205394893}, {"ch_hora_relogio": 60, "descricao_historico": "Hist\u00f3ria I", "id": 16796538941}, {"ch_hora_relogio": 60, "descricao_historico": "Hist\u00f3ria I(60H)", "id": 15645040425}, {"ch_hora_relogio": 60, "descricao_historico": "Hist\u00f3ria I(60H)", "id": 9828997073}, {"ch_hora_relogio": 90, "descricao_historico": "Hist\u00f3ria I(90H)", "id": 10645919749}, {"ch_hora_relogio": 60, "descricao_historico": "Hist\u00f3ria II", "id": 16835572789}, {"ch_hora_relogio": 120, "descricao_historico": "Hist\u00f3ria II(120H)", "id": 9868030921}, {"ch_hora_relogio": 60, "descricao_historico": "Hist\u00f3ria II(60H)", "id": 15670133613}, {"ch_hora_relogio": 60, "descricao_historico": "Hist\u00f3ria III", "id": 16869030373}, {"ch_hora_relogio": 60, "descricao_historico": "Hist\u00f3ria da Arte(60H)", "id": 10620826561}, {"ch_hora_relogio": 45, "descricao_historico": "Impactos Ambientais(45H)", "id": 11861545301}, {"ch_hora_relogio": 90, "descricao_historico": "Inform\u00e1tica", "id": 16763081357}, {"ch_hora_relogio": 90, "descricao_historico": "Inform\u00e1tica(120H)", "id": 15137600401}, {"ch_hora_relogio": 45, "descricao_historico": "Inform\u00e1tica(45H)", "id": 9753717509}, {"ch_hora_relogio": 90, "descricao_historico": "Inform\u00e1tica(90H)", "id": 15608794709}, {"ch_hora_relogio": 90, "descricao_historico": "Infra-estrutura de Redes de Computadores(90H)", "id": 10899639761}, {"ch_hora_relogio": 60, "descricao_historico": "Ingl\u00eas I", "id": 16765869489}, {"ch_hora_relogio": 90, "descricao_historico": "Ingl\u00eas I(90H)", "id": 9742564981}, {"ch_hora_relogio": 60, "descricao_historico": "Ingl\u00eas II", "id": 16799327073}, {"ch_hora_relogio": 90, "descricao_historico": "Ingl\u00eas II(90H)", "id": 9781598829}, {"ch_hora_relogio": 60, "descricao_historico": "Ingl\u00eas III", "id": 16838360921}, {"ch_hora_relogio": 30, "descricao_historico": "Ingl\u00eas Instrumental(30H)", "id": 11234215601}, {"ch_hora_relogio": 60, "descricao_historico": "Instala\u00e7\u00e3o e Configura\u00e7\u00e3o de Servidores(60H)", "id": 11487935613}, {"ch_hora_relogio": 60, "descricao_historico": "Instala\u00e7\u00e3o e Montagem de Computadores(60H)", "id": 10871758441}, {"ch_hora_relogio": 30, "descricao_historico": "Instala\u00e7\u00f5es El\u00e9tricas Industriais(30H)", "id": 10579004581}, {"ch_hora_relogio": 120, "descricao_historico": "Instala\u00e7\u00f5es El\u00e9tricas de Alta Tens\u00e3o(120H)", "id": 10392199737}, {"ch_hora_relogio": 120, "descricao_historico": "Instala\u00e7\u00f5es El\u00e9tricas de Baixa Tens\u00e3o(120H)", "id": 10378259077}, {"ch_hora_relogio": 60, "descricao_historico": "Instala\u00e7\u00f5es El\u00e9tricas de Baixa Tens\u00e3o/Projetos El\u00e9tricos(60H)", "id": 10573428317}, {"ch_hora_relogio": 60, "descricao_historico": "Instala\u00e7\u00f5es El\u00e9tricas(60H)", "id": 11908943545}, {"ch_hora_relogio": 90, "descricao_historico": "Instala\u00e7\u00f5es Hidrossanit\u00e1rias I(90H)", "id": 11906155413}, {"ch_hora_relogio": 30, "descricao_historico": "Instala\u00e7\u00f5es Hidrossanit\u00e1rias II(30H)", "id": 11931248601}, {"ch_hora_relogio": 60, "descricao_historico": "Instala\u00e7\u00f5es de Seguran\u00e7a(60H)", "id": 11934036733}, {"ch_hora_relogio": 90, "descricao_historico": "Instrumenta\u00e7\u00e3o Eletr\u00f4nica(90H)", "id": 11610613421}, {"ch_hora_relogio": 60, "descricao_historico": "Instrumenta\u00e7\u00e3o Industrial e CLP(60H)", "id": 11658011665}, {"ch_hora_relogio": 30, "descricao_historico": "Instrumenta\u00e7\u00e3o Industrial(30H)", "id": 11320647693}, {"ch_hora_relogio": 90, "descricao_historico": "Instrumenta\u00e7\u00e3o e Automa\u00e7\u00e3o Industrial(90H)", "id": 11730503097}, {"ch_hora_relogio": 30, "descricao_historico": "Introdu\u00e7\u00e3o a Apicultura(30H)", "id": 11758384417}, {"ch_hora_relogio": 30, "descricao_historico": "Introdu\u00e7\u00e3o a Colorim\u00e9tria(30H)", "id": 10322496437}, {"ch_hora_relogio": 30, "descricao_historico": "Introdu\u00e7\u00e3o a Eletr\u00f4nica(30H)", "id": 11566003309}, {"ch_hora_relogio": 60, "descricao_historico": "Introdu\u00e7\u00e3o a Eventos", "id": 13816025833}, {"ch_hora_relogio": 90, "descricao_historico": "Introdu\u00e7\u00e3o a L\u00f3gica e Algoritmos(90H)", "id": 10486996225}, {"ch_hora_relogio": 120, "descricao_historico": "Introdu\u00e7\u00e3o a Microbiologia e Biotecnologia dos Alimentos(120H)", "id": 11772325077}, {"ch_hora_relogio": 45, "descricao_historico": "Introdu\u00e7\u00e3o a Minera\u00e7\u00e3o", "id": 3820572613}, {"ch_hora_relogio": 30, "descricao_historico": "Introdu\u00e7\u00e3o a Pesca e a Aquicultura(30H)", "id": 11390350993}, {"ch_hora_relogio": 45, "descricao_historico": "Introdu\u00e7\u00e3o a Qu\u00edmica dos Alimentos(45H)", "id": 10782538217}, {"ch_hora_relogio": 60, "descricao_historico": "Introdu\u00e7\u00e3o a Tecnologia da Costura(60H)", "id": 10236064345}, {"ch_hora_relogio": 30, "descricao_historico": "Introdu\u00e7\u00e3o a Tecnologia de Alimentos(30H)", "id": 10785326349}, {"ch_hora_relogio": 60, "descricao_historico": "Introdu\u00e7\u00e3o a Tecnologia do Enfesto e Corte(60H)", "id": 10238852477}, {"ch_hora_relogio": 45, "descricao_historico": "Introdu\u00e7\u00e3o ao planejamento energ\u00e9tico(45H)", "id": 9976768069}, {"ch_hora_relogio": 45, "descricao_historico": "Introdu\u00e7\u00e3o aos Processos Qu\u00edmicos(45H)", "id": 10001861257}, {"ch_hora_relogio": 45, "descricao_historico": "Introdu\u00e7\u00e3o \u00e0 Agropecu\u00e1ria(45H)", "id": 9644980361}, {"ch_hora_relogio": 30, "descricao_historico": "Introdu\u00e7\u00e3o \u00e0 Legisla\u00e7\u00e3o Ambiental(30H)", "id": 9990708729}, {"ch_hora_relogio": 30, "descricao_historico": "Introdu\u00e7\u00e3o \u00e0 Mecatr\u00f4nica(30H)", "id": 11688681117}, {"ch_hora_relogio": 45, "descricao_historico": "Introdu\u00e7\u00e3o \u00e0 Metrologia e Instrumenta\u00e7\u00e3o(45H)", "id": 10013013785}, {"ch_hora_relogio": 30, "descricao_historico": "Introdu\u00e7\u00e3o \u00e0 Refrigera\u00e7\u00e3o(30H)", "id": 11959129921}, {"ch_hora_relogio": 30, "descricao_historico": "Introdu\u00e7\u00e3o \u00e0 Tecnologia T\u00eaxtil(30H)", "id": 10283462589}, {"ch_hora_relogio": 75, "descricao_historico": "Introdu\u00e7\u00e3o \u00e0 Tecnologia T\u00eaxtil(75H)", "id": 10202606761}, {"ch_hora_relogio": 30, "descricao_historico": "Lavanderia Industrial(30H)", "id": 10342013361}, {"ch_hora_relogio": 45, "descricao_historico": "Lavanderia Industrial(45H)", "id": 10250005005}, {"ch_hora_relogio": 60, "descricao_historico": "Lavra de Mina a C\u00e9u Aberto e Subterr\u00e2nea(60H)", "id": 12633857865}, {"ch_hora_relogio": 60, "descricao_historico": "Lazer, Corpo e Sociedade", "id": 13526060105}, {"ch_hora_relogio": 60, "descricao_historico": "Legisla\u00e7\u00e3o Cooperativista(60H)", "id": 11192393621}, {"ch_hora_relogio": 60, "descricao_historico": "Legisla\u00e7\u00e3o Trabalhista, Tribut\u00e1ria e Empresarial(60H)", "id": 11538121989}, {"ch_hora_relogio": 60, "descricao_historico": "L\u00edngua Estrangeira - Ingl\u00eas I(60H)", "id": 15611582841}, {"ch_hora_relogio": 60, "descricao_historico": "L\u00edngua Estrangeira - Ingl\u00eas I(80H)", "id": 15143176665}, {"ch_hora_relogio": 60, "descricao_historico": "L\u00edngua Estrangeira - Ingl\u00eas II(60H)", "id": 15647828557}, {"ch_hora_relogio": 210, "descricao_historico": "L\u00edngua Portuguesa I", "id": 16768657621}, {"ch_hora_relogio": 120, "descricao_historico": "L\u00edngua Portuguesa I(160H)", "id": 15140388533}, {"ch_hora_relogio": 90, "descricao_historico": "L\u00edngua Portuguesa II", "id": 16802115205}, {"ch_hora_relogio": 90, "descricao_historico": "L\u00edngua Portuguesa II(90H)", "id": 15650616689}, {"ch_hora_relogio": 90, "descricao_historico": "L\u00edngua Portuguesa e Literatura I(90H)", "id": 9745353113}, {"ch_hora_relogio": 90, "descricao_historico": "L\u00edngua Portuguesa e Literatura II(90H)", "id": 9778810697}, {"ch_hora_relogio": 90, "descricao_historico": "L\u00edngua Portuguesa e Literatura III(90H)", "id": 9820632677}, {"ch_hora_relogio": 60, "descricao_historico": "L\u00edngua Portuguesa e Literatura IV", "id": 14596702793}, {"ch_hora_relogio": 60, "descricao_historico": "L\u00edngua Portuguesa e Literatura IV(60H)", "id": 9865242789}, {"ch_hora_relogio": 90, "descricao_historico": "L\u00f3gica Digital(90H)", "id": 11585520233}, {"ch_hora_relogio": 60, "descricao_historico": "Manejo em Apicultura(60H)", "id": 11775113209}, {"ch_hora_relogio": 30, "descricao_historico": "Manifesta\u00e7\u00f5es Culturais", "id": 13857847813}, {"ch_hora_relogio": 120, "descricao_historico": "Manuten\u00e7\u00e3o Avan\u00e7ada de Computadores(120H)", "id": 10913580421}, {"ch_hora_relogio": 120, "descricao_historico": "Manuten\u00e7\u00e3o B\u00e1sica de Computadores(120H)", "id": 10894063497}, {"ch_hora_relogio": 60, "descricao_historico": "Manuten\u00e7\u00e3o El\u00e9trica Industrial(60H)", "id": 10403352265}, {"ch_hora_relogio": 30, "descricao_historico": "Manuten\u00e7\u00e3o Mec\u00e2nica(30H)", "id": 11660799797}, {"ch_hora_relogio": 30, "descricao_historico": "Manuten\u00e7\u00e3o Predial(30H)", "id": 11942401129}, {"ch_hora_relogio": 90, "descricao_historico": "Manuten\u00e7\u00e3o de Fontes de Alimenta\u00e7\u00e3o(90H)", "id": 10896851629}, {"ch_hora_relogio": 90, "descricao_historico": "Manuten\u00e7\u00e3o de Perif\u00e9ricos(90H)", "id": 10910792289}, {"ch_hora_relogio": 30, "descricao_historico": "Marketing e Moda I(30H)", "id": 10222123685}, {"ch_hora_relogio": 30, "descricao_historico": "Marketing e Moda II(30H)", "id": 10244428741}, {"ch_hora_relogio": 120, "descricao_historico": "Marketing e Servi\u00e7os", "id": 3728564257}, {"ch_hora_relogio": 60, "descricao_historico": "Matem\u00e1tica Comercial e Financeira(60H)", "id": 11543698253}, {"ch_hora_relogio": 90, "descricao_historico": "Matem\u00e1tica Financeira", "id": 3722987993}, {"ch_hora_relogio": 120, "descricao_historico": "Matem\u00e1tica I", "id": 16771445753}, {"ch_hora_relogio": 120, "descricao_historico": "Matem\u00e1tica I(120H)", "id": 15617159105}, {"ch_hora_relogio": 120, "descricao_historico": "Matem\u00e1tica I(120H)", "id": 9748141245}, {"ch_hora_relogio": 90, "descricao_historico": "Matem\u00e1tica II", "id": 16804903337}, {"ch_hora_relogio": 120, "descricao_historico": "Matem\u00e1tica II(120H)", "id": 12037197617}, {"ch_hora_relogio": 90, "descricao_historico": "Matem\u00e1tica II(90H)", "id": 9815056413}, {"ch_hora_relogio": 90, "descricao_historico": "Matem\u00e1tica II(90H)", "id": 15653404821}, {"ch_hora_relogio": 90, "descricao_historico": "Matem\u00e1tica III", "id": 16849513449}, {"ch_hora_relogio": 90, "descricao_historico": "Matem\u00e1tica III(90H)", "id": 9856878393}, {"ch_hora_relogio": 90, "descricao_historico": "Matem\u00e1tica III(90H)", "id": 15678498009}, {"ch_hora_relogio": 60, "descricao_historico": "Materiais de Constru\u00e7\u00e3o Mec\u00e2nica(60H)", "id": 11699833645}, {"ch_hora_relogio": 90, "descricao_historico": "Materiais de Constru\u00e7\u00e3o(90H)", "id": 11892214753}, {"ch_hora_relogio": 45, "descricao_historico": "Mecaniza\u00e7\u00e3o Agropecu\u00e1ria(45H)", "id": 9661709153}, {"ch_hora_relogio": 45, "descricao_historico": "Mecaniza\u00e7\u00e3o Agropecu\u00e1ria(45H)", "id": 9809480149}, {"ch_hora_relogio": 60, "descricao_historico": "Mec\u00e2nica automotiva(60H)", "id": 11649647269}, {"ch_hora_relogio": 60, "descricao_historico": "Mec\u00e2nica de Rochas(60H)", "id": 12658951053}, {"ch_hora_relogio": 45, "descricao_historico": "Mec\u00e2nica dos Fluidos(45H)", "id": 11641282873}, {"ch_hora_relogio": 60, "descricao_historico": "Mec\u00e2nica dos Solos(60H)", "id": 11895002885}, {"ch_hora_relogio": 30, "descricao_historico": "Medidas El\u00e9tricas(30H)", "id": 10367106549}, {"ch_hora_relogio": 30, "descricao_historico": "Meio Ambiente e Recursos Naturais(30H)", "id": 9918217297}, {"ch_hora_relogio": 30, "descricao_historico": "Meio Ambiente e Recursos Naturais(30H)", "id": 9767658169}, {"ch_hora_relogio": 30, "descricao_historico": "Meio ambiente, desenvolvimento e sustentabilidade(30H)", "id": 11421020445}, {"ch_hora_relogio": 45, "descricao_historico": "Metalografia e Metrologia(45H)", "id": 11638494741}, {"ch_hora_relogio": 60, "descricao_historico": "Metalurgia Extrativa(60H)", "id": 12664527317}, {"ch_hora_relogio": 60, "descricao_historico": "Meteoreologia e Climatologia(60H)", "id": 11404291653}, {"ch_hora_relogio": 45, "descricao_historico": "Metrologia(45H)", "id": 10548335129}, {"ch_hora_relogio": 45, "descricao_historico": "Metrologia(45H)", "id": 11961918053}, {"ch_hora_relogio": 45, "descricao_historico": "Metrologia(45H)", "id": 11719350569}, {"ch_hora_relogio": 60, "descricao_historico": "Microbiologia Ambiental(60H)", "id": 11008376909}, {"ch_hora_relogio": 120, "descricao_historico": "Microbiologia dos Alimentos(120H)", "id": 10802055141}, {"ch_hora_relogio": 60, "descricao_historico": "Microbiologia(60H)", "id": 11379198465}, {"ch_hora_relogio": 60, "descricao_historico": "Microcontroladores", "id": 13896881661}, {"ch_hora_relogio": 60, "descricao_historico": "Microcontroladores(60H)", "id": 11722138701}, {"ch_hora_relogio": 60, "descricao_historico": "Minerais e Rochas Industriais(60H)", "id": 12619917205}, {"ch_hora_relogio": 90, "descricao_historico": "Mineralogia", "id": 3762021841}, {"ch_hora_relogio": 90, "descricao_historico": "Mineralogia(90H)", "id": 12134782237}, {"ch_hora_relogio": 45, "descricao_historico": "Minera\u00e7\u00e3o e Meio Ambiente", "id": 14465660589}, {"ch_hora_relogio": 60, "descricao_historico": "Minera\u00e7\u00e3o e Meio Ambiente(60H)", "id": 12622705337}, {"ch_hora_relogio": 60, "descricao_historico": "Morfologia e Fisiologia Vegetal(60H)", "id": 9773234433}, {"ch_hora_relogio": 90, "descricao_historico": "Multim\u00eddia e Anima\u00e7\u00e3o Digital para Jogos(90H)", "id": 10514877545}, {"ch_hora_relogio": 120, "descricao_historico": "M\u00e1quinas e Acionamentos El\u00e9tricos(120H)", "id": 10381047209}, {"ch_hora_relogio": 60, "descricao_historico": "M\u00e1quinas e Equipamentos de Minera\u00e7\u00e3o(60H)", "id": 12631069733}, {"ch_hora_relogio": 45, "descricao_historico": "M\u00e1quinas e Motores Mar\u00edtmos(45H)", "id": 11415444181}, {"ch_hora_relogio": 60, "descricao_historico": "M\u00e1quinas, Equipamentos e Instala\u00e7\u00f5es Ap\u00edcolas(60H)", "id": 11783477605}, {"ch_hora_relogio": 60, "descricao_historico": "Normas T\u00e9cnicas e Controle de Qualidade na Confec\u00e7\u00e3o do Vestu\u00e1rio(60H)", "id": 10224911817}, {"ch_hora_relogio": 30, "descricao_historico": "No\u00e7\u00f5es de Geologia(30H)", "id": 11814147057}, {"ch_hora_relogio": 30, "descricao_historico": "No\u00e7\u00f5es de Hidr\u00e1ulica(30H)", "id": 11816935189}, {"ch_hora_relogio": 30, "descricao_historico": "No\u00e7\u00f5es de Mec\u00e2nica(30H)", "id": 10350377757}, {"ch_hora_relogio": 45, "descricao_historico": "No\u00e7\u00f5es de Pesquisa Mineral", "id": 14468448721}, {"ch_hora_relogio": 60, "descricao_historico": "No\u00e7\u00f5es de Pesquisa Mineral", "id": 3840089537}, {"ch_hora_relogio": 90, "descricao_historico": "Opera\u00e7\u00e3o e Organiza\u00e7\u00e3o de Computadores(90H)", "id": 10880122837}, {"ch_hora_relogio": 60, "descricao_historico": "Opera\u00e7\u00f5es da Ind\u00fastria Qu\u00edmica(60H)", "id": 11337376485}, {"ch_hora_relogio": 45, "descricao_historico": "Opera\u00e7\u00f5es e Log\u00edstica(45H)", "id": 11602249025}, {"ch_hora_relogio": 60, "descricao_historico": "Organiza\u00e7\u00e3o de Eventos e de Competi\u00e7\u00f5es", "id": 13520483841}, {"ch_hora_relogio": 120, "descricao_historico": "Organiza\u00e7\u00e3o e Manuten\u00e7\u00e3o de Computadores", "id": 3650496561}, {"ch_hora_relogio": 30, "descricao_historico": "Orienta\u00e7\u00e3o Educacional", "id": 16774233885}, {"ch_hora_relogio": 30, "descricao_historico": "Orienta\u00e7\u00e3o Educacional(30H)", "id": 15619947237}, {"ch_hora_relogio": 30, "descricao_historico": "Orienta\u00e7\u00e3o Educacional(40H)", "id": 15132024137}, {"ch_hora_relogio": 60, "descricao_historico": "Or\u00e7amento(60H)", "id": 11939612997}, {"ch_hora_relogio": 45, "descricao_historico": "Petrografia (45H)", "id": 12675679845}, {"ch_hora_relogio": 90, "descricao_historico": "Petrografia \u00edgnea, metam\u00f3rfica e sedimentar", "id": 14373652233}, {"ch_hora_relogio": 90, "descricao_historico": "Petrografia(90H)", "id": 12148722897}, {"ch_hora_relogio": 60, "descricao_historico": "Piscicultura e Malacocultura(60H)", "id": 11426596709}, {"ch_hora_relogio": 60, "descricao_historico": "Planejamento e Desenvolvimento de Mina(60H)", "id": 12639434129}, {"ch_hora_relogio": 60, "descricao_historico": "Planejamento e Metodologias de Atividades L\u00fadicas ", "id": 13534424501}, {"ch_hora_relogio": 60, "descricao_historico": "Planejamento visual em Design Gr\u00e1fico(60H)", "id": 10648707881}, {"ch_hora_relogio": 60, "descricao_historico": "Planejamento visual em Design editorial(60H)", "id": 10651496013}, {"ch_hora_relogio": 90, "descricao_historico": "Polui\u00e7\u00e3o e Controle Ambiental(90H)", "id": 11828087717}, {"ch_hora_relogio": 60, "descricao_historico": "Princ\u00edpios da Anima\u00e7\u00e3o Digital(60H)", "id": 10654284145}, {"ch_hora_relogio": 60, "descricao_historico": "Princ\u00edpios de Design e Projeto Gr\u00e1fico(60H)", "id": 11465630557}, {"ch_hora_relogio": 30, "descricao_historico": "Processos Industriais(30H)", "id": 11842028377}, {"ch_hora_relogio": 60, "descricao_historico": "Processos Qu\u00edmicos Industriais(60H)", "id": 11373622201}, {"ch_hora_relogio": 60, "descricao_historico": "Processos de Fabrica\u00e7\u00e3o(60H)", "id": 10609674033}, {"ch_hora_relogio": 30, "descricao_historico": "Produ\u00e7\u00e3o de Texto T\u00e9cnico-Cient\u00edfico I(30H)", "id": 10810419537}, {"ch_hora_relogio": 75, "descricao_historico": "Programa\u00e7\u00e3o B\u00e1sica(75H)", "id": 11691469249}, {"ch_hora_relogio": 120, "descricao_historico": "Programa\u00e7\u00e3o Estruturada e Orientada a Objetos", "id": 3656072825}, {"ch_hora_relogio": 120, "descricao_historico": "Programa\u00e7\u00e3o Estruturada e Orientada a Objetos(120H)", "id": 11476783085}, {"ch_hora_relogio": 120, "descricao_historico": "Programa\u00e7\u00e3o Orientada a Objetos(120H)", "id": 10492572489}, {"ch_hora_relogio": 120, "descricao_historico": "Programa\u00e7\u00e3o Orientada a Servi\u00e7os(120H)", "id": 11501876273}, {"ch_hora_relogio": 105, "descricao_historico": "Programa\u00e7\u00e3o com Acesso a Banco de Dados", "id": 3653284693}, {"ch_hora_relogio": 120, "descricao_historico": "Programa\u00e7\u00e3o de Jogos para Web(120H)", "id": 10517665677}, {"ch_hora_relogio": 120, "descricao_historico": "Programa\u00e7\u00e3o de Sistemas para Internet(120H)", "id": 11485147481}, {"ch_hora_relogio": 90, "descricao_historico": "Programa\u00e7\u00e3o para Internet", "id": 3658860957}, {"ch_hora_relogio": 60, "descricao_historico": "Projeto Integrador I", "id": 16495420685}, {"ch_hora_relogio": 15, "descricao_historico": "Projeto Integrador I(15H)", "id": 12031621353}, {"ch_hora_relogio": 15, "descricao_historico": "Projeto Integrador II(15H)", "id": 12034409485}, {"ch_hora_relogio": 15, "descricao_historico": "Projeto Integrador III(15H)", "id": 12051138277}, {"ch_hora_relogio": 15, "descricao_historico": "Projeto Integrador IV(15H)", "id": 12053926409}, {"ch_hora_relogio": 60, "descricao_historico": "Projeto de Desenvolvimento de Sistemas para Internet(60H)", "id": 11504664405}, {"ch_hora_relogio": 60, "descricao_historico": "Projeto de Desenvolvimento de Software", "id": 3661649089}, {"ch_hora_relogio": 45, "descricao_historico": "Projeto de Interface do Usu\u00e1rio para Jogos Digitais(45H)", "id": 10481419961}, {"ch_hora_relogio": 120, "descricao_historico": "Projeto de Interface do Usu\u00e1rio(120H)", "id": 11499088141}, {"ch_hora_relogio": 60, "descricao_historico": "Projeto de Jogos Digitais (Game Design)(60H)", "id": 10512089413}, {"ch_hora_relogio": 400, "descricao_historico": "Projetos Finais", "id": 16947098069}, {"ch_hora_relogio": 340, "descricao_historico": "Projetos Finais", "id": 9912641033}, {"ch_hora_relogio": 120, "descricao_historico": "Prototipagem de Sistemas Digitais(120H)", "id": 11591096497}, {"ch_hora_relogio": 30, "descricao_historico": "Pr\u00e1tica de Campo I(30H)", "id": 12650586657}, {"ch_hora_relogio": 30, "descricao_historico": "Pr\u00e1tica de Campo II(30H)", "id": 12672891713}, {"ch_hora_relogio": 240, "descricao_historico": "Pr\u00e1tica de oficina mec\u00e2nica(240H)", "id": 11671952325}, {"ch_hora_relogio": 90, "descricao_historico": "Pr\u00e1ticas de Eletricidade", "id": 13888517265}, {"ch_hora_relogio": 75, "descricao_historico": "Pr\u00e1ticas de Eletricidade(75H)", "id": 10874546573}, {"ch_hora_relogio": 30, "descricao_historico": "Psicologia nas Rela\u00e7\u00f5es do Trabalho", "id": 13517695709}, {"ch_hora_relogio": 45, "descricao_historico": "Qualidade de Vida e Sa\u00fade", "id": 13528848237}, {"ch_hora_relogio": 30, "descricao_historico": "Qualidade de Vida e Trabalho", "id": 3664437221}, {"ch_hora_relogio": 30, "descricao_historico": "Qualidade de Vida e Trabalho(30H)", "id": 9837361469}, {"ch_hora_relogio": 45, "descricao_historico": "Qu\u00edmica Ambiental(45H)", "id": 11368045937}, {"ch_hora_relogio": 60, "descricao_historico": "Qu\u00edmica Ambiental(60H)", "id": 11002800645}, {"ch_hora_relogio": 30, "descricao_historico": "Qu\u00edmica Anal\u00edtica Qualitativa(30H)", "id": 11334588353}, {"ch_hora_relogio": 45, "descricao_historico": "Qu\u00edmica Experimental e Anal\u00edtica(45H)", "id": 9996284993}, {"ch_hora_relogio": 90, "descricao_historico": "Qu\u00edmica I", "id": 16777022017}, {"ch_hora_relogio": 90, "descricao_historico": "Qu\u00edmica I(120H)", "id": 15157117325}, {"ch_hora_relogio": 120, "descricao_historico": "Qu\u00edmica I(120H)", "id": 9762081905}, {"ch_hora_relogio": 90, "descricao_historico": "Qu\u00edmica I(90H)", "id": 15622735369}, {"ch_hora_relogio": 90, "descricao_historico": "Qu\u00edmica II", "id": 16810479601}, {"ch_hora_relogio": 120, "descricao_historico": "Qu\u00edmica II(120H)", "id": 9801115753}, {"ch_hora_relogio": 90, "descricao_historico": "Qu\u00edmica II(90H)", "id": 15656192953}, {"ch_hora_relogio": 60, "descricao_historico": "Qu\u00edmica III", "id": 16852301581}, {"ch_hora_relogio": 60, "descricao_historico": "Qu\u00edmica III(60H)", "id": 15681286141}, {"ch_hora_relogio": 60, "descricao_historico": "Qu\u00edmica Inorg\u00e2nica(60H)", "id": 11326223957}, {"ch_hora_relogio": 30, "descricao_historico": "Qu\u00edmica ambiental(30H)", "id": 9979556201}, {"ch_hora_relogio": 60, "descricao_historico": "Qu\u00edmica e Bioqu\u00edmica dos Alimentos(60H)", "id": 11769536945}, {"ch_hora_relogio": 30, "descricao_historico": "Qu\u00edmica e Bioqu\u00edmica dos Alimentos: Componentes principais(30H)", "id": 10788114481}, {"ch_hora_relogio": 60, "descricao_historico": "Qu\u00edmica e Bioqu\u00edmica dos Alimentos: Componentes secund\u00e1rios e transforma\u00e7\u00f5es(60H)", "id": 10799267009}, {"ch_hora_relogio": 30, "descricao_historico": "Qu\u00edmica e Bioqu\u00edmica dos Alimentos: experimental(30H)", "id": 10807631405}, {"ch_hora_relogio": 45, "descricao_historico": "Recursos H\u00eddricos(45H)", "id": 12656162921}, {"ch_hora_relogio": 30, "descricao_historico": "Rela\u00e7\u00f5es Interpessoais do Trabalho(30H)", "id": 11342952749}, {"ch_hora_relogio": 60, "descricao_historico": "Resist\u00eancia dos Materiais(60H)", "id": 11635706609}, {"ch_hora_relogio": 60, "descricao_historico": "Resist\u00eancia dos materiais(60H)", "id": 10556699525}, {"ch_hora_relogio": 30, "descricao_historico": "Seguran\u00e7a do Trabalho(30H)", "id": 9876395317}, {"ch_hora_relogio": 45, "descricao_historico": "Seguran\u00e7a do Trabalho(45H)", "id": 11217486809}, {"ch_hora_relogio": 60, "descricao_historico": "Seguran\u00e7a e Sa\u00fade do T\u00e9cnico em Qu\u00edmica(60H)", "id": 11315071429}, {"ch_hora_relogio": 10, "descricao_historico": "Semin\u00e1rio de Filosofia, Ci\u00eancia e Tecnologia(10H)", "id": 11683104853}, {"ch_hora_relogio": 10, "descricao_historico": "Semin\u00e1rio de Filosofia, Ci\u00eancia e Tecnologia(10H)", "id": 12667315449}, {"ch_hora_relogio": 10, "descricao_historico": "Semin\u00e1rio de Filosofia, Ci\u00eancia e Tecnologia(10H)", "id": 11945189261}, {"ch_hora_relogio": 10, "descricao_historico": "Semin\u00e1rio de Filosofia, Ci\u00eancia e Tecnologia(10H)", "id": 10406140397}, {"ch_hora_relogio": 10, "descricao_historico": "Semin\u00e1rio de Filosofia, Ci\u00eancia e Tecnologia(10H)", "id": 11616189685}, {"ch_hora_relogio": 30, "descricao_historico": "Semin\u00e1rio de Inicia\u00e7\u00e3o \u00e0 Pesquisa", "id": 12382925985}, {"ch_hora_relogio": 30, "descricao_historico": "Semin\u00e1rio de Inicia\u00e7\u00e3o \u00e0 Pesquisa", "id": 3739716785}, {"ch_hora_relogio": 30, "descricao_historico": "Semin\u00e1rio de Inicia\u00e7\u00e3o \u00e0 Pesquisa", "id": 13565093953}, {"ch_hora_relogio": 15, "descricao_historico": "Semin\u00e1rio de Inicia\u00e7\u00e3o \u00e0 Pesquisa I", "id": 13919186717}, {"ch_hora_relogio": 15, "descricao_historico": "Semin\u00e1rio de Inicia\u00e7\u00e3o \u00e0 Pesquisa I", "id": 3672801617}, {"ch_hora_relogio": 15, "descricao_historico": "Semin\u00e1rio de Inicia\u00e7\u00e3o \u00e0 Pesquisa I(15H)", "id": 10503725017}, {"ch_hora_relogio": 15, "descricao_historico": "Semin\u00e1rio de Inicia\u00e7\u00e3o \u00e0 Pesquisa I(15H)", "id": 11515816933}, {"ch_hora_relogio": 15, "descricao_historico": "Semin\u00e1rio de Inicia\u00e7\u00e3o \u00e0 Pesquisa I(15H)", "id": 11577155837}, {"ch_hora_relogio": 15, "descricao_historico": "Semin\u00e1rio de Inicia\u00e7\u00e3o \u00e0 Pesquisa I(15H)", "id": 11702621777}, {"ch_hora_relogio": 15, "descricao_historico": "Semin\u00e1rio de Inicia\u00e7\u00e3o \u00e0 Pesquisa II", "id": 16570700249}, {"ch_hora_relogio": 15, "descricao_historico": "Semin\u00e1rio de Inicia\u00e7\u00e3o \u00e0 Pesquisa II", "id": 3675589749}, {"ch_hora_relogio": 15, "descricao_historico": "Semin\u00e1rio de Inicia\u00e7\u00e3o \u00e0 Pesquisa II(15H)", "id": 11579943969}, {"ch_hora_relogio": 15, "descricao_historico": "Semin\u00e1rio de Inicia\u00e7\u00e3o \u00e0 Pesquisa II(15H)", "id": 11705409909}, {"ch_hora_relogio": 15, "descricao_historico": "Semin\u00e1rio de Inicia\u00e7\u00e3o \u00e0 Pesquisa II(15H)", "id": 11518605065}, {"ch_hora_relogio": 15, "descricao_historico": "Semin\u00e1rio de Inicia\u00e7\u00e3o \u00e0 Pesquisa II(15H)", "id": 10506513149}, {"ch_hora_relogio": 30, "descricao_historico": "Semin\u00e1rio de Inicia\u00e7\u00e3o \u00e0 Pesquisa(30H)", "id": 11830875849}, {"ch_hora_relogio": 30, "descricao_historico": "Semin\u00e1rio de Inicia\u00e7\u00e3o \u00e0 Pesquisa(30H)", "id": 10938673609}, {"ch_hora_relogio": 30, "descricao_historico": "Semin\u00e1rio de Inicia\u00e7\u00e3o \u00e0 Pesquisa(30H)", "id": 10562275789}, {"ch_hora_relogio": 30, "descricao_historico": "Semin\u00e1rio de Inicia\u00e7\u00e3o \u00e0 Pesquisa(30H)", "id": 12154299161}, {"ch_hora_relogio": 30, "descricao_historico": "Semin\u00e1rio de Inicia\u00e7\u00e3o \u00e0 Pesquisa(30H)", "id": 10369894681}, {"ch_hora_relogio": 30, "descricao_historico": "Semin\u00e1rio de Inicia\u00e7\u00e3o \u00e0 Pesquisa(30H)", "id": 10662648541}, {"ch_hora_relogio": 30, "descricao_historico": "Semin\u00e1rio de Inicia\u00e7\u00e3o \u00e0 Pesquisa(30H)", "id": 10294615117}, {"ch_hora_relogio": 30, "descricao_historico": "Semin\u00e1rio de Inicia\u00e7\u00e3o \u00e0 Pesquisa(30H)", "id": 10804843273}, {"ch_hora_relogio": 30, "descricao_historico": "Semin\u00e1rio de Inicia\u00e7\u00e3o \u00e0 Pesquisa(30H)", "id": 10888487233}, {"ch_hora_relogio": 30, "descricao_historico": "Semin\u00e1rio de Inicia\u00e7\u00e3o \u00e0 Pesquisa(30H)", "id": 9987920597}, {"ch_hora_relogio": 30, "descricao_historico": "Semin\u00e1rio de Inicia\u00e7\u00e3o \u00e0 Pesquisa(30H)", "id": 9667285417}, {"ch_hora_relogio": 30, "descricao_historico": "Semin\u00e1rio de Inicia\u00e7\u00e3o \u00e0 Pesquisa(30H)", "id": 12048350145}, {"ch_hora_relogio": 30, "descricao_historico": "Semin\u00e1rio de Inicia\u00e7\u00e3o \u00e0 Pesquisa(30H)", "id": 11897791017}, {"ch_hora_relogio": 30, "descricao_historico": "Semin\u00e1rio de Inicia\u00e7\u00e3o \u00e0 Pesquisa(30H)", "id": 11479571217}, {"ch_hora_relogio": 30, "descricao_historico": "Semin\u00e1rio de Inicia\u00e7\u00e3o \u00e0 Pesquisa(30H)", "id": 11777901341}, {"ch_hora_relogio": 30, "descricao_historico": "Semin\u00e1rio de Inicia\u00e7\u00e3o \u00e0 Pesquisa(30H)", "id": 11000012513}, {"ch_hora_relogio": 30, "descricao_historico": "Semin\u00e1rio de Inicia\u00e7\u00e3o \u00e0 Pesquisa(30H)", "id": 12625493469}, {"ch_hora_relogio": 30, "descricao_historico": "Semin\u00e1rio de Inicia\u00e7\u00e3o \u00e0 Pesquisa(30H)", "id": 11407079785}, {"ch_hora_relogio": 30, "descricao_historico": "Semin\u00e1rio de Inicia\u00e7\u00e3o \u00e0 Pesquisa(30H)", "id": 11644071005}, {"ch_hora_relogio": 30, "descricao_historico": "Semin\u00e1rio de Inicia\u00e7\u00e3o \u00e0 Pesquisa(30H)", "id": 10227699949}, {"ch_hora_relogio": 30, "descricao_historico": "Semin\u00e1rio de Inicia\u00e7\u00e3o \u00e0 Pesquisa(30H)", "id": 11340164617}, {"ch_hora_relogio": 10, "descricao_historico": "Semin\u00e1rio de Integra\u00e7\u00e3o Acad\u00eamica", "id": 13871788473}, {"ch_hora_relogio": 10, "descricao_historico": "Semin\u00e1rio de Integra\u00e7\u00e3o Acad\u00eamica", "id": 10877334705}, {"ch_hora_relogio": 10, "descricao_historico": "Semin\u00e1rio de Integra\u00e7\u00e3o Acad\u00eamica", "id": 13916398585}, {"ch_hora_relogio": 10, "descricao_historico": "Semin\u00e1rio de Integra\u00e7\u00e3o Acad\u00eamica", "id": 13562305821}, {"ch_hora_relogio": 10, "descricao_historico": "Semin\u00e1rio de Integra\u00e7\u00e3o Acad\u00eamica", "id": 3678377881}, {"ch_hora_relogio": 10, "descricao_historico": "Semin\u00e1rio de Integra\u00e7\u00e3o Acad\u00eamica", "id": 3781538765}, {"ch_hora_relogio": 10, "descricao_historico": "Semin\u00e1rio de Integra\u00e7\u00e3o Acad\u00eamica(10H)", "id": 12140358501}, {"ch_hora_relogio": 10, "descricao_historico": "Semin\u00e1rio de Integra\u00e7\u00e3o Acad\u00eamica(10H)", "id": 11763960681}, {"ch_hora_relogio": 10, "descricao_historico": "Semin\u00e1rio de Integra\u00e7\u00e3o Acad\u00eamica(10H)", "id": 11694257381}, {"ch_hora_relogio": 10, "descricao_historico": "Semin\u00e1rio de Integra\u00e7\u00e3o Acad\u00eamica(10H)", "id": 11822511453}, {"ch_hora_relogio": 10, "descricao_historico": "Semin\u00e1rio de Integra\u00e7\u00e3o Acad\u00eamica(10H)", "id": 11627342213}, {"ch_hora_relogio": 10, "descricao_historico": "Semin\u00e1rio de Integra\u00e7\u00e3o Acad\u00eamica(10H)", "id": 11886638489}, {"ch_hora_relogio": 10, "descricao_historico": "Semin\u00e1rio de Integra\u00e7\u00e3o Acad\u00eamica(10H)", "id": 11563215177}, {"ch_hora_relogio": 10, "descricao_historico": "Semin\u00e1rio de Integra\u00e7\u00e3o Acad\u00eamica(10H)", "id": 11507452537}, {"ch_hora_relogio": 10, "descricao_historico": "Semin\u00e1rio de Integra\u00e7\u00e3o Acad\u00eamica(10H)", "id": 11471206821}, {"ch_hora_relogio": 10, "descricao_historico": "Semin\u00e1rio de Integra\u00e7\u00e3o Acad\u00eamica(10H)", "id": 11964706185}, {"ch_hora_relogio": 10, "descricao_historico": "Semin\u00e1rio de Integra\u00e7\u00e3o Acad\u00eamica(10H)", "id": 11393139125}, {"ch_hora_relogio": 10, "descricao_historico": "Semin\u00e1rio de Integra\u00e7\u00e3o Acad\u00eamica(10H)", "id": 12028833221}, {"ch_hora_relogio": 10, "descricao_historico": "Semin\u00e1rio de Integra\u00e7\u00e3o Acad\u00eamica(10H)", "id": 11323435825}, {"ch_hora_relogio": 10, "descricao_historico": "Semin\u00e1rio de Integra\u00e7\u00e3o Acad\u00eamica(10H)", "id": 10991648117}, {"ch_hora_relogio": 10, "descricao_historico": "Semin\u00e1rio de Integra\u00e7\u00e3o Acad\u00eamica(10H)", "id": 10930309213}, {"ch_hora_relogio": 10, "descricao_historico": "Semin\u00e1rio de Integra\u00e7\u00e3o Acad\u00eamica(10H)", "id": 10793690745}, {"ch_hora_relogio": 10, "descricao_historico": "Semin\u00e1rio de Integra\u00e7\u00e3o Acad\u00eamica(10H)", "id": 10631979089}, {"ch_hora_relogio": 10, "descricao_historico": "Semin\u00e1rio de Integra\u00e7\u00e3o Acad\u00eamica(10H)", "id": 10551123261}, {"ch_hora_relogio": 10, "descricao_historico": "Semin\u00e1rio de Integra\u00e7\u00e3o Acad\u00eamica(10H)", "id": 10489784357}, {"ch_hora_relogio": 10, "descricao_historico": "Semin\u00e1rio de Integra\u00e7\u00e3o Acad\u00eamica(10H)", "id": 10361530285}, {"ch_hora_relogio": 10, "descricao_historico": "Semin\u00e1rio de Integra\u00e7\u00e3o Acad\u00eamica(10H)", "id": 10280674457}, {"ch_hora_relogio": 10, "descricao_historico": "Semin\u00e1rio de Integra\u00e7\u00e3o Acad\u00eamica(10H)", "id": 10210971157}, {"ch_hora_relogio": 10, "descricao_historico": "Semin\u00e1rio de Integra\u00e7\u00e3o Acad\u00eamica(10H)", "id": 9985132465}, {"ch_hora_relogio": 10, "descricao_historico": "Semin\u00e1rio de Integra\u00e7\u00e3o Acad\u00eamica(10H)", "id": 9926581693}, {"ch_hora_relogio": 10, "descricao_historico": "Semin\u00e1rio de Integra\u00e7\u00e3o Acad\u00eamica(10H)", "id": 9817844545}, {"ch_hora_relogio": 10, "descricao_historico": "Semin\u00e1rio de Integra\u00e7\u00e3o Acad\u00eamica(10H)", "id": 9658921021}, {"ch_hora_relogio": 10, "descricao_historico": "Semin\u00e1rio de Orienta\u00e7\u00e3o de Projeto Integrador(10H)", "id": 10526030073}, {"ch_hora_relogio": 10, "descricao_historico": "Semin\u00e1rio de Orienta\u00e7\u00e3o de Projeto Integrador(10H)", "id": 10584580845}, {"ch_hora_relogio": 30, "descricao_historico": "Semin\u00e1rio de Orienta\u00e7\u00e3o do Projeto Integrador(30H)", "id": 11437749237}, {"ch_hora_relogio": 15, "descricao_historico": "Semin\u00e1rio de Orienta\u00e7\u00e3o para a Pr\u00e1tica I(15H)", "id": 10590157109}, {"ch_hora_relogio": 15, "descricao_historico": "Semin\u00e1rio de Orienta\u00e7\u00e3o para a Pr\u00e1tica II(15H)", "id": 10592945241}, {"ch_hora_relogio": 15, "descricao_historico": "Semin\u00e1rio de Orienta\u00e7\u00e3o para a Pr\u00e1tica Profissional I", "id": 10308555777}, {"ch_hora_relogio": 15, "descricao_historico": "Semin\u00e1rio de Orienta\u00e7\u00e3o para a Pr\u00e1tica Profissional I", "id": 3742504917}, {"ch_hora_relogio": 15, "descricao_historico": "Semin\u00e1rio de Orienta\u00e7\u00e3o para a Pr\u00e1tica Profissional I", "id": 3681166013}, {"ch_hora_relogio": 15, "descricao_historico": "Semin\u00e1rio de Orienta\u00e7\u00e3o para a Pr\u00e1tica Profissional I(15H)", "id": 11794630133}, {"ch_hora_relogio": 15, "descricao_historico": "Semin\u00e1rio de Orienta\u00e7\u00e3o para a Pr\u00e1tica Profissional I(15H)", "id": 12642222261}, {"ch_hora_relogio": 15, "descricao_historico": "Semin\u00e1rio de Orienta\u00e7\u00e3o para a Pr\u00e1tica Profissional I(15H)", "id": 10015801917}, {"ch_hora_relogio": 15, "descricao_historico": "Semin\u00e1rio de Orienta\u00e7\u00e3o para a Pr\u00e1tica Profissional I(15H)", "id": 11596672761}, {"ch_hora_relogio": 15, "descricao_historico": "Semin\u00e1rio de Orienta\u00e7\u00e3o para a Pr\u00e1tica Profissional I(15H)", "id": 10252793137}, {"ch_hora_relogio": 15, "descricao_historico": "Semin\u00e1rio de Orienta\u00e7\u00e3o para a Pr\u00e1tica Profissional I(15H)", "id": 9946098617}, {"ch_hora_relogio": 15, "descricao_historico": "Semin\u00e1rio de Orienta\u00e7\u00e3o para a Pr\u00e1tica Profissional I(15H)", "id": 11914519809}, {"ch_hora_relogio": 15, "descricao_historico": "Semin\u00e1rio de Orienta\u00e7\u00e3o para a Pr\u00e1tica Profissional I(15H)", "id": 11013953173}, {"ch_hora_relogio": 15, "descricao_historico": "Semin\u00e1rio de Orienta\u00e7\u00e3o para a Pr\u00e1tica Profissional I(15H)", "id": 12182180481}, {"ch_hora_relogio": 15, "descricao_historico": "Semin\u00e1rio de Orienta\u00e7\u00e3o para a Pr\u00e1tica Profissional I(15H)", "id": 10383835341}, {"ch_hora_relogio": 15, "descricao_historico": "Semin\u00e1rio de Orienta\u00e7\u00e3o para a Pr\u00e1tica Profissional I(15H)", "id": 11490723745}, {"ch_hora_relogio": 15, "descricao_historico": "Semin\u00e1rio de Orienta\u00e7\u00e3o para a Pr\u00e1tica Profissional I(15H)", "id": 11663587929}, {"ch_hora_relogio": 15, "descricao_historico": "Semin\u00e1rio de Orienta\u00e7\u00e3o para a Pr\u00e1tica Profissional I(15H)", "id": 11532545725}, {"ch_hora_relogio": 15, "descricao_historico": "Semin\u00e1rio de Orienta\u00e7\u00e3o para a Pr\u00e1tica Profissional I(15H)", "id": 10835512725}, {"ch_hora_relogio": 15, "descricao_historico": "Semin\u00e1rio de Orienta\u00e7\u00e3o para a Pr\u00e1tica Profissional I(15H)", "id": 11724926833}, {"ch_hora_relogio": 15, "descricao_historico": "Semin\u00e1rio de Orienta\u00e7\u00e3o para a Pr\u00e1tica Profissional II", "id": 14713804337}, {"ch_hora_relogio": 15, "descricao_historico": "Semin\u00e1rio de Orienta\u00e7\u00e3o para a Pr\u00e1tica Profissional II", "id": 3753657445}, {"ch_hora_relogio": 15, "descricao_historico": "Semin\u00e1rio de Orienta\u00e7\u00e3o para a Pr\u00e1tica Profissional II", "id": 3683954145}, {"ch_hora_relogio": 15, "descricao_historico": "Semin\u00e1rio de Orienta\u00e7\u00e3o para a Pr\u00e1tica Profissional II(15H)", "id": 11855969037}, {"ch_hora_relogio": 15, "descricao_historico": "Semin\u00e1rio de Orienta\u00e7\u00e3o para a Pr\u00e1tica Profissional II(15H)", "id": 10255581269}, {"ch_hora_relogio": 15, "descricao_historico": "Semin\u00e1rio de Orienta\u00e7\u00e3o para a Pr\u00e1tica Profissional II(15H)", "id": 12645010393}, {"ch_hora_relogio": 15, "descricao_historico": "Semin\u00e1rio de Orienta\u00e7\u00e3o para a Pr\u00e1tica Profissional II(15H)", "id": 10838300857}, {"ch_hora_relogio": 15, "descricao_historico": "Semin\u00e1rio de Orienta\u00e7\u00e3o para a Pr\u00e1tica Profissional II(15H)", "id": 12184968613}, {"ch_hora_relogio": 15, "descricao_historico": "Semin\u00e1rio de Orienta\u00e7\u00e3o para a Pr\u00e1tica Profissional II(15H)", "id": 11434961105}, {"ch_hora_relogio": 15, "descricao_historico": "Semin\u00e1rio de Orienta\u00e7\u00e3o para a Pr\u00e1tica Profissional II(15H)", "id": 11493511877}, {"ch_hora_relogio": 15, "descricao_historico": "Semin\u00e1rio de Orienta\u00e7\u00e3o para a Pr\u00e1tica Profissional II(15H)", "id": 11797418265}, {"ch_hora_relogio": 15, "descricao_historico": "Semin\u00e1rio de Orienta\u00e7\u00e3o para a Pr\u00e1tica Profissional II(15H)", "id": 11535333857}, {"ch_hora_relogio": 15, "descricao_historico": "Semin\u00e1rio de Orienta\u00e7\u00e3o para a Pr\u00e1tica Profissional II(15H)", "id": 11917307941}, {"ch_hora_relogio": 15, "descricao_historico": "Semin\u00e1rio de Orienta\u00e7\u00e3o para a Pr\u00e1tica Profissional II(15H)", "id": 11666376061}, {"ch_hora_relogio": 15, "descricao_historico": "Semin\u00e1rio de Orienta\u00e7\u00e3o para a Pr\u00e1tica Profissional II(15H)", "id": 11599460893}, {"ch_hora_relogio": 15, "descricao_historico": "Semin\u00e1rio de Orienta\u00e7\u00e3o para a Pr\u00e1tica Profissional II(15H)", "id": 10386623473}, {"ch_hora_relogio": 15, "descricao_historico": "Semin\u00e1rio de Orienta\u00e7\u00e3o para a Pr\u00e1tica Profissional II(15H)", "id": 10018590049}, {"ch_hora_relogio": 15, "descricao_historico": "Semin\u00e1rio de Orienta\u00e7\u00e3o para a Pr\u00e1tica Profissional(15H)", "id": 11853180905}, {"ch_hora_relogio": 30, "descricao_historico": "Semin\u00e1rio de Orienta\u00e7\u00e3o para a Pr\u00e1tica Profissional(30H)", "id": 10528818205}, {"ch_hora_relogio": 30, "descricao_historico": "Semin\u00e1rio de Orienta\u00e7\u00e3o para a Pr\u00e1tica Profissional(30H)", "id": 10905216025}, {"ch_hora_relogio": 20, "descricao_historico": "Semin\u00e1rio de Orienta\u00e7\u00e3o \u00e0 Pr\u00e1tica Profissional I(20H)", "id": 10696106125}, {"ch_hora_relogio": 10, "descricao_historico": "Semin\u00e1rio de Orienta\u00e7\u00e3o \u00e0 Pr\u00e1tica Profissional II(10H)", "id": 10698894257}, {"ch_hora_relogio": 10, "descricao_historico": "Semin\u00e1rio de Qualidade de Vida e Trabalho", "id": 8298312605}, {"ch_hora_relogio": 10, "descricao_historico": "Semin\u00e1rio de Qualidade de Vida e Trabalho(10H)", "id": 12647798525}, {"ch_hora_relogio": 10, "descricao_historico": "Semin\u00e1rio de Qualidade de Vida e Trabalho(10H)", "id": 10813207669}, {"ch_hora_relogio": 10, "descricao_historico": "Semin\u00e1rio de Qualidade de Vida e Trabalho(10H)", "id": 10587368977}, {"ch_hora_relogio": 10, "descricao_historico": "Semin\u00e1rio de Qualidade de Vida e Trabalho(10H)", "id": 11920096073}, {"ch_hora_relogio": 10, "descricao_historico": "Semin\u00e1rio de Qualidade de Vida e Trabalho(10H)", "id": 11669164193}, {"ch_hora_relogio": 10, "descricao_historico": "Semin\u00e1rio de Qualidade de Vida e Trabalho(10H)", "id": 12187756745}, {"ch_hora_relogio": 10, "descricao_historico": "Semin\u00e1rio de Qualidade de Vida e Trabalho(10H)", "id": 11727714965}, {"ch_hora_relogio": 10, "descricao_historico": "Semin\u00e1rio de Qualidade de Vida e Trabalho(10H)", "id": 10389411605}, {"ch_hora_relogio": 10, "descricao_historico": "Semin\u00e1rio de Qualidade de Vida(10H)", "id": 11878274093}, {"ch_hora_relogio": 10, "descricao_historico": "Semin\u00e1rio de Sociologia do Trabalho(10H)", "id": 12670103581}, {"ch_hora_relogio": 10, "descricao_historico": "Semin\u00e1rio de Sociologia do Trabalho(10H)", "id": 11947977393}, {"ch_hora_relogio": 10, "descricao_historico": "Semin\u00e1rio de Sociologia do Trabalho(10H)", "id": 11685892985}, {"ch_hora_relogio": 10, "descricao_historico": "Semin\u00e1rio de Sociologia do Trabalho(10H)", "id": 10408928529}, {"ch_hora_relogio": 10, "descricao_historico": "Semin\u00e1rio de Sociologia do Trabalho(10H)", "id": 11618977817}, {"ch_hora_relogio": 60, "descricao_historico": "Semi\u00f3tica aplicada a multimeios(60H)", "id": 10626402825}, {"ch_hora_relogio": 45, "descricao_historico": "Sensoriamento Remoto(45H)", "id": 12157087293}, {"ch_hora_relogio": 120, "descricao_historico": "Sistema de Informa\u00e7\u00e3o", "id": 3725776125}, {"ch_hora_relogio": 60, "descricao_historico": "Sistema de Limpeza P\u00fablica(60H)", "id": 11844816509}, {"ch_hora_relogio": 60, "descricao_historico": "Sistema de informa\u00e7\u00e3o Log\u00edstica(60H)", "id": 12045562013}, {"ch_hora_relogio": 45, "descricao_historico": "Sistemas Digitais(45H)", "id": 11710986173}, {"ch_hora_relogio": 120, "descricao_historico": "Sistemas Microcontrolados(120H)", "id": 11605037157}, {"ch_hora_relogio": 90, "descricao_historico": "Sistemas Operacionais de Redes de Computadores(90H)", "id": 10916368553}, {"ch_hora_relogio": 75, "descricao_historico": "Sistemas Urbanos de Esgotos(75H)", "id": 11875485961}, {"ch_hora_relogio": 75, "descricao_historico": "Sistemas Urbanos de \u00c1guas(75H)", "id": 11872697829}, {"ch_hora_relogio": 30, "descricao_historico": "Sistemas de Manuten\u00e7\u00e3o(30H)", "id": 10233276213}, {"ch_hora_relogio": 90, "descricao_historico": "Sistemas t\u00e9rmicos(90H)", "id": 11674740457}, {"ch_hora_relogio": 45, "descricao_historico": "Sociedade, Cultura e Ambiente(45H)", "id": 10983283721}, {"ch_hora_relogio": 60, "descricao_historico": "Sociologia", "id": 16874606637}, {"ch_hora_relogio": 30, "descricao_historico": "Sociologia I(30H)", "id": 9750929377}, {"ch_hora_relogio": 30, "descricao_historico": "Sociologia II(30H)", "id": 9798327621}, {"ch_hora_relogio": 30, "descricao_historico": "Sociologia III(30H)", "id": 9834573337}, {"ch_hora_relogio": 30, "descricao_historico": "Sociologia do Trabalho(30H)", "id": 9873607185}, {"ch_hora_relogio": 120, "descricao_historico": "Tecnologia Mec\u00e2nica e Processos de Usinagem(120H)", "id": 11713774305}, {"ch_hora_relogio": 90, "descricao_historico": "Tecnologia Mec\u00e2nica(90H)", "id": 11652435401}, {"ch_hora_relogio": 45, "descricao_historico": "Tecnologia da Fia\u00e7\u00e3o I(45H)", "id": 10291826985}, {"ch_hora_relogio": 60, "descricao_historico": "Tecnologia da Fia\u00e7\u00e3o II(60H)", "id": 10297403249}, {"ch_hora_relogio": 60, "descricao_historico": "Tecnologia da Fia\u00e7\u00e3o III(60H)", "id": 10300191381}, {"ch_hora_relogio": 60, "descricao_historico": "Tecnologia da Malha(60H)", "id": 10330860833}, {"ch_hora_relogio": 60, "descricao_historico": "Tecnologia da Modelagem I(60H)", "id": 10213759289}, {"ch_hora_relogio": 60, "descricao_historico": "Tecnologia da Modelagem II(60H)", "id": 10216547421}, {"ch_hora_relogio": 60, "descricao_historico": "Tecnologia da Prepara\u00e7\u00e3o \u00e0 Tecelagem(60H)", "id": 10302979513}, {"ch_hora_relogio": 60, "descricao_historico": "Tecnologia da Produ\u00e7\u00e3o de Biomassa Energ\u00e9tica(60H)", "id": 10007437521}, {"ch_hora_relogio": 30, "descricao_historico": "Tecnologia da Produ\u00e7\u00e3o de N\u00e3o Tecidos(30H)", "id": 10316920173}, {"ch_hora_relogio": 60, "descricao_historico": "Tecnologia da Tecelagem(60H)", "id": 10314132041}, {"ch_hora_relogio": 30, "descricao_historico": "Tecnologia das Fibras T\u00eaxteis I(30H)", "id": 10286250721}, {"ch_hora_relogio": 30, "descricao_historico": "Tecnologia das Fibras T\u00eaxteis II(30H)", "id": 10289038853}, {"ch_hora_relogio": 75, "descricao_historico": "Tecnologia de Carnes e Pescados(75H)", "id": 10832724593}, {"ch_hora_relogio": 60, "descricao_historico": "Tecnologia de Energia Renov\u00e1vel", "id": 9993496861}, {"ch_hora_relogio": 60, "descricao_historico": "Tecnologia de Frutas e Hortali\u00e7as(60H)", "id": 10821572065}, {"ch_hora_relogio": 60, "descricao_historico": "Tecnologia de Mel e P\u00f3len(60H)", "id": 11786265737}, {"ch_hora_relogio": 60, "descricao_historico": "Tecnologia de Produ\u00e7\u00e3o de Biog\u00e1s(60H)", "id": 10010225653}, {"ch_hora_relogio": 60, "descricao_historico": "Tecnologia de pr\u00f3polis, cera e geleia real(60H)", "id": 11791842001}, {"ch_hora_relogio": 60, "descricao_historico": "Tecnologia do Beneficiamento Prim\u00e1rio(60H)", "id": 10319708305}, {"ch_hora_relogio": 30, "descricao_historico": "Tecnologia e Meio Ambiente(30H)", "id": 10305767645}, {"ch_hora_relogio": 30, "descricao_historico": "Tecnologia e Meio Ambiente(30H)", "id": 10208183025}, {"ch_hora_relogio": 60, "descricao_historico": "Tecnologias Qu\u00edmicas Regionais(60H)", "id": 11376410333}, {"ch_hora_relogio": 120, "descricao_historico": "Teoria do Lazer", "id": 13523271973}, {"ch_hora_relogio": 30, "descricao_historico": "Termologia Aplicada a Tecnologia de Alimentos(30H)", "id": 10796478877}, {"ch_hora_relogio": 120, "descricao_historico": "Topografia(120H)", "id": 11911731677}, {"ch_hora_relogio": 30, "descricao_historico": "Topografia(30H)", "id": 11836452113}, {"ch_hora_relogio": 45, "descricao_historico": "Topografia(45H)", "id": 9664497285}, {"ch_hora_relogio": 45, "descricao_historico": "Topografia(45H)", "id": 9806692017}, {"ch_hora_relogio": 45, "descricao_historico": "Topografia(45H)", "id": 12137570369}, {"ch_hora_relogio": 60, "descricao_historico": "Topografia(60H)", "id": 12653374789}, {"ch_hora_relogio": 60, "descricao_historico": "Transportes e Distribui\u00e7\u00e3o F\u00edsica(60H)", "id": 12039985749}, {"ch_hora_relogio": 45, "descricao_historico": "Tubula\u00e7\u00f5es Industriais(45H)", "id": 11677528589}, {"ch_hora_relogio": 30, "descricao_historico": "T\u00e9cnicas B\u00e1sicas de Laborat\u00f3rio(30H)", "id": 11317859561}, {"ch_hora_relogio": 45, "descricao_historico": "T\u00e9cnicas de Laborat\u00f3rio I(45H)", "id": 11825299585}, {"ch_hora_relogio": 45, "descricao_historico": "T\u00e9cnicas de Laborat\u00f3rio II(45H)", "id": 11839240245}, {"ch_hora_relogio": 30, "descricao_historico": "T\u00e9cnicas de Laborat\u00f3rio de Alimentos(30H)", "id": 10790902613}, {"ch_hora_relogio": 30, "descricao_historico": "T\u00e9cnicas de Laborat\u00f3rio(30H)", "id": 11766748813}, {"ch_hora_relogio": 60, "descricao_historico": "T\u00e9cnicas de Vendas e Negocia\u00e7\u00e3o(60H)", "id": 11529757593}, {"ch_hora_relogio": 60, "descricao_historico": "Vigil\u00e2ncia Sanit\u00e1ria e Ambiental(60H)", "id": 11864333433}, {"ch_hora_relogio": 30, "descricao_historico": "Viv\u00eancias e Pr\u00e1ticas Agroecol\u00f3gicas(30H)", "id": 10924732949}, {"ch_hora_relogio": 60, "descricao_historico": "Zootecnia Geral(60H)", "id": 9923793561}]