[{"id": 951584785, "descricao": "Atendimento domiciliar"}, {"id": 934855993, "descricao": "Contato telef\u00f4nico com os pais ou respons\u00e1veis"}, {"id": 932067861, "descricao": "Di\u00e1logo com aluno(a) e professor(a)"}, {"id": 923703465, "descricao": "Di\u00e1logo com o(s) aluno(s)"}, {"id": 929279729, "descricao": "Di\u00e1logo com pais ou respons\u00e1veis"}, {"id": 926491597, "descricao": "Di\u00e1logo com professor(a)"}, {"id": 920915333, "descricao": "Elabora\u00e7\u00e3o de rotina de estudos"}, {"id": 940432257, "descricao": "Envio de Telegrama ou e-mail aos pais ou respons\u00e1veis"}, {"id": 962737313, "descricao": "Orienta\u00e7\u00e3o para cancelamento de matr\u00edcula\u200b"}, {"id": 957161049, "descricao": "Orienta\u00e7\u00e3o para trancamento compuls\u00f3rio de matr\u00edcula"}, {"id": 959949181, "descricao": "Orienta\u00e7\u00e3o para transfer\u00eancia de Curso/Campus"}, {"id": 954372917, "descricao": "Solicita\u00e7\u00e3o de Aplica\u00e7\u00e3o/Registro de medida disciplinar"}, {"id": 943220389, "descricao": "Solicita\u00e7\u00e3o de atendimento da Assist\u00eancia Social"}, {"id": 946008521, "descricao": "Solicita\u00e7\u00e3o de atendimento da Psicologia"}, {"id": 948796653, "descricao": "Solicita\u00e7\u00e3o de atendimento do Setor de sa\u00fade"}, {"id": 937644125, "descricao": "Solicita\u00e7\u00e3o de comparecimento dos pais ou respons\u00e1veis \u00e0 escola"}]