[{"id": 954372917, "descricao": "Alfabetizado"}, {"id": 957161049, "descricao": "Ensino fundamental completo"}, {"id": 959949181, "descricao": "Ensino fundamental incompleto"}, {"id": 962737313, "descricao": "Ensino m\u00e9dio completo"}, {"id": 965525445, "descricao": "Ensino m\u00e9dio incompleto"}, {"id": 968313577, "descricao": "Ensino superior completo"}, {"id": 971101709, "descricao": "Ensino superior incompleto"}, {"id": 973889841, "descricao": "P\u00f3s gradua\u00e7\u00e3o completo"}, {"id": 976677973, "descricao": "P\u00f3s gradua\u00e7\u00e3o incompleto"}, {"id": 979466105, "descricao": "N\u00e3o conhece"}, {"id": 951584785, "descricao": "N\u00e3o estudou"}]