[{"codigo_siape": 4, "inativo_siape": false, "codigo_censup": "3", "id": 920915333, "descricao": "Parda"}, {"codigo_siape": 6, "inativo_siape": false, "codigo_censup": "2", "id": 923703465, "descricao": "Preta"}, {"codigo_siape": 1, "inativo_siape": false, "codigo_censup": "1", "id": 926491597, "descricao": "Branca"}, {"codigo_siape": 5, "inativo_siape": false, "codigo_censup": "5", "id": 929279729, "descricao": "Ind\u00edgena"}, {"codigo_siape": 3, "inativo_siape": false, "codigo_censup": "4", "id": 932067861, "descricao": "Amarela"}, {"codigo_siape": 9, "inativo_siape": false, "codigo_censup": "0", "id": 937644125, "descricao": "N\u00e3o declarado"}]