[{"id": 937644125, "descricao": "Aut\u00f4nomo"}, {"id": 940432257, "descricao": "N\u00e3o est\u00e1 trabalhando"}, {"id": 946008521, "descricao": "Aposentado"}, {"id": 951584785, "descricao": "Servi\u00e7o p\u00fablico"}, {"id": 934855993, "descricao": "Trabalha com v\u00ednculo empregat\u00edcio"}, {"id": 943220389, "descricao": "Nunca trabalhou"}, {"id": 954372917, "descricao": "Est\u00e1gio ou bolsa"}, {"id": 957161049, "descricao": "Trabalhador rural/Agricultor"}, {"id": 959949181, "descricao": "Pescador"}, {"id": 962737313, "descricao": "Benefici\u00e1rio ou Pensionista do INSS"}, {"id": 968313577, "descricao": "N\u00e3o informado"}, {"id": 965525445, "descricao": "Empresa privada"}]