[{"id": 940432257, "descricao": "Afastado"}, {"id": 954372917, "descricao": "Aguardando Cola\u00e7\u00e3o de Grau"}, {"id": 962737313, "descricao": "Aguardando ENADE"}, {"id": 959949181, "descricao": "Aguardando Semin\u00e1rio"}, {"id": 946008521, "descricao": "Cancelado"}, {"id": 973889841, "descricao": "Cancelamento Compuls\u00f3rio"}, {"id": 957161049, "descricao": "Certificado ENEM"}, {"id": 932067861, "descricao": "Concludente"}, {"id": 934855993, "descricao": "Conclu\u00eddo"}, {"id": 968313577, "descricao": "Egresso"}, {"id": 951584785, "descricao": "Estagiario (Concludente)"}, {"id": 943220389, "descricao": "Evas\u00e3o"}, {"id": 937644125, "descricao": "Falecido"}, {"id": 971101709, "descricao": "Formado"}, {"id": 965525445, "descricao": "Interc\u00e2mbio"}, {"id": 926491597, "descricao": "Jubilado"}, {"id": 920915333, "descricao": "Matriculado"}, {"id": 976677973, "descricao": "Matr\u00edcula V\u00ednculo Institucional"}, {"id": 1202516665, "descricao": "N\u00e3o Conclu\u00eddo"}, {"id": 1196940401, "descricao": "N\u00e3o conclu\u00eddo"}, {"id": 923703465, "descricao": "Trancado"}, {"id": 1194152269, "descricao": "Trancado Voluntariamente"}, {"id": 948796653, "descricao": "Transferido Externo"}, {"id": 929279729, "descricao": "Transferido Interno"}, {"id": 1199728533, "descricao": "Transferido SUAP"}]