[{"id": 932067861, "descricao": "Afastado"}, {"id": 948796653, "descricao": "Aprovado"}, {"id": 973889841, "descricao": "Aproveit. M\u00f3dulo"}, {"id": 929279729, "descricao": "Cancelada"}, {"id": 982254237, "descricao": "Cancelamento Compuls\u00f3rio"}, {"id": 979466105, "descricao": "Certificado ENEM"}, {"id": 946008521, "descricao": "Depend\u00eancia"}, {"id": 920915333, "descricao": "Em Aberto"}, {"id": 965525445, "descricao": "Est\u00e1gio e/ou Monografia"}, {"id": 959949181, "descricao": "Evas\u00e3o"}, {"id": 971101709, "descricao": "Fechado c/ Pend\u00eancia"}, {"id": 985042369, "descricao": "Interc\u00e2mbio"}, {"id": 957161049, "descricao": "Jubilado"}, {"id": 923703465, "descricao": "Matriculado"}, {"id": 976677973, "descricao": "Matr\u00edcula V\u00ednculo Institucional"}, {"id": 968313577, "descricao": "Per\u00edodo Fechado"}, {"id": 962737313, "descricao": "Rep. Falta"}, {"id": 951584785, "descricao": "Reprovado"}, {"id": 926491597, "descricao": "Trancada"}, {"id": 1194152269, "descricao": "Trancado Voluntariamente"}, {"id": 943220389, "descricao": "Transf. Curso"}, {"id": 934855993, "descricao": "Transf. Externa"}, {"id": 937644125, "descricao": "Transf. Institui\u00e7\u00e3o"}, {"id": 940432257, "descricao": "Transf. Turno"}, {"id": 1196940401, "descricao": "Transferido SUAP"}, {"id": 954372917, "descricao": "Vindo de Transfer\u00eancia"}]