[{"id": 920915333, "descricao": "Cursando"}, {"id": 923703465, "descricao": "Aprovado"}, {"id": 926491597, "descricao": "Reprovado"}, {"id": 929279729, "descricao": "Prova Final"}, {"id": 932067861, "descricao": "Reprovado por falta"}, {"id": 934855993, "descricao": "Trancado"}, {"id": 937644125, "descricao": "Cancelado"}, {"id": 940432257, "descricao": "Dispensado"}, {"id": 943220389, "descricao": "Pendente"}, {"id": 946008521, "descricao": "Aprovado/Reprovado no M\u00f3dulo"}, {"id": 954372917, "descricao": "Transferido"}]