[{"id": 920915333, "descricao": "Somente em escola p\u00fablica"}, {"id": 923703465, "descricao": "A maior parte em escola p\u00fablica"}, {"id": 926491597, "descricao": "Somente em escola particular"}, {"id": 929279729, "descricao": "A maior parte em escola particular"}, {"id": 932067861, "descricao": "Somente em escola ind\u00edgena"}, {"id": 934855993, "descricao": "A maior parte em escola ind\u00edgena"}, {"id": 943220389, "descricao": "Outro tipo de escola"}, {"id": 937644125, "descricao": "Somente em escola situada em comunidade quilombola"}, {"id": 940432257, "descricao": "A maior parte em escola situada em comunidade quilombola"}]