[{"id": 940432257, "sigla": "AP"}, {"id": 937644125, "sigla": "CA"}, {"id": 954372917, "sigla": "CAL"}, {"id": 1032440613, "sigla": "CANG"}, {"id": 1043593141, "sigla": "CM"}, {"id": 926491597, "sigla": "CN"}, {"id": 920915333, "sigla": "CNAT"}, {"id": 957161049, "sigla": "EAD"}, {"id": 934855993, "sigla": "IP"}, {"id": 943220389, "sigla": "JC"}, {"id": 1049169405, "sigla": "LAJ"}, {"id": 946008521, "sigla": "MC"}, {"id": 929279729, "sigla": "MO"}, {"id": 962737313, "sigla": "NC"}, {"id": 1051957537, "sigla": "PAAS"}, {"id": 959949181, "sigla": "PAR"}, {"id": 948796653, "sigla": "PF"}, {"id": 951584785, "sigla": "SC"}, {"id": 965525445, "sigla": "SGA"}, {"id": 1038016877, "sigla": "SPP"}, {"id": 923703465, "sigla": "ZN"}, {"id": 968313577, "sigla": "RE"}]